Generation,Hypervolume,Min error,Max error,Avg error,Min gate fit,Max gate fit,Avg gate fit
0,0.4397968629999999,0.5,1.0,0.835786854,0.06897,1.37931,0.289399966
1,0.44410686299999996,0.5,1.0,0.8023972100000001,0.06897,1.37931,0.228469866
2,0.44410686299999996,0.5,1.0,0.7910388559999999,0.06897,1.37931,0.188877848
3,0.44841811299999995,0.5,1.0,0.7873150820000001,0.06897,1.37931,0.17087133
4,0.452728113,0.5,1.0,0.78837862,0.06897,1.37931,0.17082312000000002
5,0.452728113,0.5,1.0,0.78854656,0.06897,1.37931,0.169892048
6,0.452728113,0.5,1.0,0.788359582,0.06897,1.37931,0.169547234
7,0.452728113,0.5,1.0,0.7877769339999999,0.06897,1.37931,0.169781696
8,0.452728113,0.5,1.0,0.7887560519999999,0.06897,1.37931,0.168836816
9,0.452728113,0.5,1.0,0.788432426,0.06897,1.37931,0.169698946
10,0.452728113,0.5,1.0,0.7895286679999999,0.06897,1.37931,0.17022307400000003
11,0.452728113,0.5,1.0,0.788915646,0.06897,1.37931,0.171554068
12,0.452728113,0.5,1.0,0.78825644,0.06897,1.37931,0.170402332
13,0.452728113,0.5,1.0,0.787864248,0.06897,1.37931,0.170919642
14,0.452728113,0.5,1.0,0.788005148,0.06897,1.37931,0.167836892
15,0.452728113,0.5,1.0,0.788565274,0.06897,1.37931,0.170767882
16,0.452728113,0.5,1.0,0.788894088,0.06897,1.37931,0.169774754
17,0.452728113,0.5,1.0,0.788731574,0.06897,1.37931,0.17231269000000002
18,0.452728113,0.5,1.0,0.788429768,0.06897,1.37931,0.171416118
19,0.452728113,0.5,1.0,0.7885592339999999,0.06897,1.37931,0.17129887200000002
20,0.452728113,0.5,1.0,0.789148224,0.06897,1.37931,0.169974762
21,0.452728113,0.5,1.0,0.788385174,0.06897,1.37931,0.170905772
22,0.452728113,0.5,1.0,0.788290292,0.06897,1.37931,0.171292044
23,0.452728113,0.5,1.0,0.7890773879999999,0.06897,1.37931,0.17062304
24,0.452728113,0.5,1.0,0.789125898,0.06897,1.37931,0.171754058
Best Pareto front
Generation,Hypervolume,error,gate fit
6,0.452728113,0.75,0.06897
6,0.452728113,0.75,0.06897
6,0.452728113,0.75,0.06897
6,0.452728113,0.75,0.06897
6,0.452728113,0.75,0.06897
6,0.452728113,0.75,0.06897
6,0.452728113,0.75,0.06897
6,0.452728113,0.75,0.06897
6,0.452728113,0.75,0.06897
6,0.452728113,0.75,0.06897
6,0.452728113,0.75,0.06897
6,0.452728113,0.625,0.10345
6,0.452728113,0.625,0.10345
6,0.452728113,0.625,0.10345
6,0.452728113,0.625,0.10345
6,0.452728113,0.625,0.10345
6,0.452728113,0.625,0.10345
6,0.452728113,0.5,0.13793
Best fitness
Objective,Generation,Error
0,2,0.5
1,2,0.06897
Avg simulation runtime,Avg generation runtime
21.573199999999996,34.238
