Generation,Hypervolume,Min error,Max error,Avg error,Min gate fit,Max gate fit,Avg gate fit
0,0.435486863,0.5,1.0,0.826399338,0.06897,1.31034,0.27777240999999997
1,0.452728113,0.5,1.0,0.793931686,0.06897,1.31034,0.224559486
2,0.452728113,0.5,1.0,0.783460694,0.06897,1.31034,0.18789849399999997
3,0.452728113,0.5,1.0,0.783445384,0.06897,1.31034,0.178243652
4,0.452728113,0.5,1.0,0.783117476,0.06897,1.31034,0.176712606
5,0.452728113,0.5,1.0,0.7832414480000001,0.06897,1.31034,0.175878134
6,0.452728113,0.5,1.0,0.783602408,0.06897,1.31034,0.176098862
7,0.452728113,0.5,1.0,0.782964572,0.06897,1.31034,0.17747811
8,0.452728113,0.5,1.0,0.783907208,0.06897,1.31034,0.178795372
9,0.452728113,0.5,1.0,0.782947018,0.06897,1.31034,0.17740224999999998
10,0.452728113,0.5,1.0,0.7837337139999999,0.06897,1.31034,0.17689189
11,0.452728113,0.5,1.0,0.78459241,0.06897,1.31034,0.17880222199999998
12,0.452728113,0.5,1.0,0.783522252,0.06897,1.31034,0.177285054
13,0.452728113,0.5,1.0,0.782449048,0.06897,1.31034,0.177140194
14,0.452728113,0.5,1.0,0.783911946,0.06897,1.31034,0.17658845999999997
15,0.452728113,0.5,1.0,0.784746682,0.06897,1.31034,0.177953974
16,0.452728113,0.5,1.0,0.78342251,0.06897,1.31034,0.17777465399999998
17,0.452728113,0.5,1.0,0.78340382,0.06897,1.31034,0.177160884
18,0.452728113,0.5,1.0,0.78437029,0.06897,1.31034,0.178002264
19,0.452728113,0.5,1.0,0.783119664,0.06897,1.31034,0.176926426
20,0.452728113,0.5,1.0,0.7839210160000001,0.06897,1.31034,0.178195348
21,0.452728113,0.5,1.0,0.784336378,0.06897,1.31034,0.17794017399999998
22,0.452728113,0.5,1.0,0.7838274900000001,0.06897,1.31034,0.17708501999999998
23,0.452728113,0.5,1.0,0.785173562,0.06897,1.31034,0.17714023599999998
24,0.452728113,0.5,1.0,0.7829250379999999,0.06897,1.31034,0.17796779799999998
25,0.452728113,0.5,1.0,0.783880278,0.06897,1.31034,0.178471246
Best Pareto front
Generation,Hypervolume,error,gate fit
3,0.452728113,0.75,0.06897
3,0.452728113,0.75,0.06897
3,0.452728113,0.75,0.06897
3,0.452728113,0.75,0.06897
3,0.452728113,0.75,0.06897
3,0.452728113,0.75,0.06897
3,0.452728113,0.75,0.06897
3,0.452728113,0.75,0.06897
3,0.452728113,0.75,0.06897
3,0.452728113,0.75,0.06897
3,0.452728113,0.625,0.10345
3,0.452728113,0.625,0.10345
3,0.452728113,0.625,0.10345
3,0.452728113,0.625,0.10345
3,0.452728113,0.625,0.10345
3,0.452728113,0.625,0.10345
3,0.452728113,0.5,0.13793
Best fitness
Objective,Generation,Error
0,2,0.5
1,2,0.06897
Avg simulation runtime,Avg generation runtime
21.213846153846156,33.07115384615385
