Generation,Hypervolume,Min error,Max error,Avg error,Min gate fit,Max gate fit,Avg gate fit
0,0.4226318077999999,0.5,1.0,0.8343964759999999,0.06897,1.27586,0.299503568
1,0.4447890869999999,0.5,1.0,0.807764772,0.06897,1.17241,0.252118048
2,0.4463643352999999,0.5,1.0,0.795457818,0.06897,1.17241,0.205829432
3,0.4463643352999999,0.5,1.0,0.791724362,0.06897,1.17241,0.191636734
4,0.44841811299999995,0.5,1.0,0.789904326,0.06897,1.17241,0.18816782
5,0.44841811299999995,0.5,1.0,0.7900516320000001,0.06897,1.17241,0.18742988800000002
6,0.452728113,0.5,1.0,0.790668272,0.06897,1.17241,0.18633333600000002
7,0.452728113,0.5,1.0,0.791478428,0.06897,1.17241,0.1881264
8,0.452728113,0.5,1.0,0.790490634,0.06897,1.17241,0.18876089999999998
9,0.452728113,0.5,1.0,0.791079458,0.06897,1.17241,0.188326398
10,0.452728113,0.5,1.0,0.791857384,0.06897,1.2069,0.189402264
11,0.452728113,0.5,1.0,0.791050774,0.06897,1.17241,0.187898846
12,0.452728113,0.5,1.0,0.79092405,0.06897,1.17241,0.18911950000000002
13,0.452728113,0.5,1.0,0.791476516,0.06897,1.17241,0.18902988
14,0.452728113,0.5,1.0,0.79107263,0.06897,1.17241,0.188871238
15,0.452728113,0.5,1.0,0.791262574,0.06897,1.17241,0.189657422
16,0.452728113,0.5,1.0,0.7919067479999999,0.06897,1.17241,0.189133296
17,0.452728113,0.5,1.0,0.792059744,0.06897,1.17241,0.188567796
18,0.452728113,0.5,1.0,0.790730704,0.06897,1.17241,0.18869189
19,0.452728113,0.5,1.0,0.792817124,0.06897,1.17241,0.191491836
20,0.452728113,0.5,1.0,0.789813498,0.06897,1.17241,0.190319436
21,0.452728113,0.5,1.0,0.791459946,0.06897,1.17241,0.19023673200000002
22,0.547568113,0.375,1.0,0.792098258,0.06897,1.17241,0.19007121600000002
Best Pareto front
Generation,Hypervolume,error,gate fit
24,0.547568113,0.75,0.06897
24,0.547568113,0.75,0.06897
24,0.547568113,0.75,0.06897
24,0.547568113,0.75,0.06897
24,0.547568113,0.75,0.06897
24,0.547568113,0.75,0.06897
24,0.547568113,0.75,0.06897
24,0.547568113,0.75,0.06897
24,0.547568113,0.75,0.06897
24,0.547568113,0.75,0.06897
24,0.547568113,0.625,0.10345
24,0.547568113,0.625,0.10345
24,0.547568113,0.625,0.10345
24,0.547568113,0.625,0.10345
24,0.547568113,0.625,0.10345
24,0.547568113,0.625,0.10345
24,0.547568113,0.625,0.10345
24,0.547568113,0.625,0.10345
24,0.547568113,0.5,0.13793
24,0.547568113,0.5,0.13793
24,0.547568113,0.375,0.24138
Best fitness
Objective,Generation,Error
0,24,0.375
1,2,0.06897
Avg simulation runtime,Avg generation runtime
22.03086956521739,38.167826086956524
