Generation,Hypervolume,Min error,Max error,Avg error,Min gate fit,Max gate fit,Avg gate fit
0,0.4322085353,0.50053,0.97075,0.836671562,0.05,1.0,0.451802618
1,0.5274300377000001,0.41217,1.0,0.808419274,0.05,1.0,0.4232902620000001
2,0.5315870518000001,0.41217,1.0,0.788949466,0.05,1.0,0.38192277599999996
3,0.5316180838000001,0.41217,0.98011,0.7744455060000001,0.05,1.0,0.33886488200000003
4,0.5386527455000001,0.41217,0.85983,0.752128004,0.05,1.0,0.311913542
5,0.5388461783000001,0.41217,0.82978,0.734067842,0.05,1.0,0.277750808
6,0.5571206872,0.39117,0.8185,0.714062432,0.05,1.0,0.24598326399999995
7,0.6100964123999999,0.32422,0.80592,0.6953581879999999,0.05,1.0,0.214208152
8,0.6100964123999999,0.32422,0.78691,0.6806966919999999,0.05,1.0,0.178787156
9,0.6131980958000001,0.32422,0.7733,0.660285476,0.05,1.0,0.16287095999999998
10,0.6442598494,0.29142,0.75145,0.638913262,0.05,1.0,0.16155224199999998
Best Pareto front
Generation,Hypervolume,error,gate fit
12,0.6442598494,0.60658,0.05
12,0.6442598494,0.38836,0.13793
12,0.6442598494,0.46715,0.10345
12,0.6442598494,0.59111,0.06897
12,0.6442598494,0.29142,0.2069
Best fitness
Objective,Generation,Error
0,12,0.29142
1,2,0.05
Avg simulation runtime,Avg generation runtime
34.872727272727275,82.20363636363636
