Generation,Hypervolume,Min error,Max error,Avg error,Min gate fit,Max gate fit,Avg gate fit
0,0.4490531215,0.51108,1.0,0.836748832,0.05,1.0,0.45272950600000006
1,0.5032841446999999,0.4428,1.0,0.8117417419999999,0.05,1.0,0.412281602
2,0.5035169065999999,0.4428,0.86507,0.79046082,0.05,1.0,0.380740938
3,0.5039065305999999,0.4428,0.83762,0.774218508,0.05,1.0,0.346301708
4,0.5045095897999999,0.4428,0.82345,0.759710058,0.05,1.0,0.323453802
5,0.5091809378000001,0.43635,0.81229,0.7444514760000001,0.05,1.0,0.32132458
6,0.5101141792,0.43635,0.80214,0.730780458,0.05,1.0,0.29912490799999997
7,0.5224697627999999,0.43635,0.79068,0.717119002,0.05,1.0,0.27523358
Best Pareto front
Generation,Hypervolume,error,gate fit
9,0.5224697627999999,0.4428,0.2069
9,0.5224697627999999,0.43635,0.27586
9,0.5224697627999999,0.62501,0.05
9,0.5224697627999999,0.6086,0.06897
9,0.5224697627999999,0.46715,0.10345
Best fitness
Objective,Generation,Error
0,7,0.43635
1,2,0.05
Avg simulation runtime,Avg generation runtime
75.69,nan
