Generation,Hypervolume,Min error,Max error,Avg error,Min gate fit,Max gate fit,Avg gate fit
0,0.42717368370000003,0.5196,1.0,0.8355419879999999,0.05,1.0,0.450755346
1,0.4328024772,0.5196,1.0,0.811407094,0.05,1.0,0.40472885000000003
2,0.5027617045999999,0.41466,0.87843,0.79140949,0.05,1.0,0.37117646400000004
3,0.5932322771,0.32307,0.83347,0.774026152,0.05,1.0,0.354464448
4,0.6003167107000001,0.32307,0.82364,0.7601536959999999,0.05,1.0,0.329034168
5,0.6004797835000001,0.32307,0.81111,0.744494784,0.05,1.0,0.320438392
6,0.6011893301000001,0.32307,0.79326,0.731441404,0.05,1.0,0.293075688
7,0.6022871733000001,0.32307,0.78357,0.7178281,0.05,1.0,0.272622966
8,0.6022871733000001,0.32307,0.7736,0.7042284,0.05,1.0,0.237125102
Best Pareto front
Generation,Hypervolume,error,gate fit
9,0.6022871733000001,0.32307,0.34483
9,0.6022871733000001,0.55454,0.10345
9,0.6022871733000001,0.44899,0.13793
9,0.6022871733000001,0.40808,0.17241
9,0.6022871733000001,0.60514,0.05
9,0.6022871733000001,0.5733,0.06897
Best fitness
Objective,Generation,Error
0,5,0.32307
1,2,0.05
Avg simulation runtime,Avg generation runtime
70.85999999999999,nan
