Generation,Hypervolume,Min error,Max error,Avg error,Min gate fit,Max gate fit,Avg gate fit
0,0.5457429155999999,0.36247,1.0,0.8346507959999999,0.05,1.0,0.443261586
1,0.5457517085999999,0.36247,1.0,0.809692436,0.05,1.0,0.40425921600000003
2,0.5457517085999999,0.36247,0.88469,0.7910568779999999,0.05,1.0,0.36973133799999996
3,0.5534171848999999,0.36247,0.83894,0.773217394,0.05,1.0,0.353571006
4,0.5755373917999999,0.36247,0.82457,0.760002868,0.05,1.0,0.328766908
5,0.5768607341999998,0.36247,0.81206,0.7447617019999999,0.05,1.0,0.32596526800000003
6,0.5768607341999998,0.36247,0.79984,0.7319482780000001,0.05,1.0,0.305385976
7,0.5768607341999998,0.36247,0.78669,0.7198873379999999,0.05,1.0,0.28581327200000006
8,0.5822521268999999,0.36247,0.77679,0.7072609839999999,0.05,1.0,0.272960902
Best Pareto front
Generation,Hypervolume,error,gate fit
10,0.5822521268999999,0.36247,0.31034
10,0.5822521268999999,0.625,0.05
10,0.5822521268999999,0.60579,0.06897
10,0.5822521268999999,0.41186,0.13793
10,0.5822521268999999,0.46715,0.10345
10,0.5822521268999999,0.38573,0.27586
10,0.5822521268999999,0.40187,0.17241
Best fitness
Objective,Generation,Error
0,2,0.36247
1,2,0.05
Avg simulation runtime,Avg generation runtime
70.40277777777777,nan
