Generation,Hypervolume,Min error,Max error,Avg error,Min gate fit,Max gate fit,Avg gate fit
0,0.44410686299999996,0.5,1.0,0.8334460480000001,0.06897,1.31034,0.278503544
1,0.44410686299999996,0.5,1.0,0.803560938,0.06897,1.31034,0.22780090200000006
2,0.44841811299999995,0.5,1.0,0.789443596,0.06897,1.31034,0.186415586
3,0.44841811299999995,0.5,1.0,0.780921038,0.06897,1.31034,0.16530562799999998
4,0.44841811299999995,0.5,1.0,0.7774674840000001,0.06897,1.31034,0.162615856
5,0.452728113,0.5,1.0,0.7731484120000001,0.06897,1.31034,0.16522953
6,0.452728113,0.5,1.0,0.765914906,0.06897,1.31034,0.169325814
7,0.452728113,0.5,1.0,0.758068714,0.06897,1.31034,0.172284098
8,0.452728113,0.5,1.0,0.746605216,0.06897,1.31034,0.17749758000000002
9,0.452728113,0.5,1.0,0.742184684,0.06897,1.31034,0.177097538
10,0.452728113,0.5,1.0,0.73919085,0.06897,1.31034,0.177732
11,0.452728113,0.5,1.0,0.7352988460000001,0.06897,1.31034,0.178014724
12,0.452728113,0.5,1.0,0.735779162,0.06897,1.31034,0.177131952
13,0.452728113,0.5,1.0,0.733974316,0.06897,1.31034,0.17748364000000003
14,0.452728113,0.5,1.0,0.737444042,0.06897,1.31034,0.17890431199999998
15,0.452728113,0.5,1.0,0.734401804,0.06897,1.31034,0.178483686
16,0.452728113,0.5,1.0,0.7336903339999999,0.06897,1.31034,0.178338836
17,0.452728113,0.5,1.0,0.73311472,0.06897,1.31034,0.177911248
18,0.452728113,0.5,1.0,0.73413396,0.06897,1.31034,0.177276792
19,0.452728113,0.5,1.0,0.735799896,0.06897,1.31034,0.177821604
20,0.452728113,0.5,1.0,0.733785582,0.06897,1.31034,0.177449204
21,0.452728113,0.5,1.0,0.735455942,0.06897,1.31034,0.178676746
22,0.452728113,0.5,1.0,0.734019828,0.06897,1.31034,0.17851123800000002
23,0.452728113,0.5,1.0,0.734625108,0.06897,1.31034,0.178214712
Best Pareto front
Generation,Hypervolume,error,gate fit
7,0.452728113,0.625,0.10345
7,0.452728113,0.625,0.10345
7,0.452728113,0.625,0.10345
7,0.452728113,0.625,0.10345
7,0.452728113,0.75,0.06897
7,0.452728113,0.75,0.06897
7,0.452728113,0.75,0.06897
7,0.452728113,0.75,0.06897
7,0.452728113,0.75,0.06897
7,0.452728113,0.75,0.06897
7,0.452728113,0.75,0.06897
7,0.452728113,0.75,0.06897
7,0.452728113,0.75,0.06897
7,0.452728113,0.75,0.06897
7,0.452728113,0.75,0.06897
7,0.452728113,0.5,0.13793
Best fitness
Objective,Generation,Error
0,2,0.5
1,2,0.06897
Avg simulation runtime,Avg generation runtime
22.8,35.98166666666666
