Generation,Hypervolume,Min error,Max error,Avg error,Min gate fit,Max gate fit,Avg gate fit
0,0.44848973229999994,0.50668,0.98702,0.83641898,0.05,1.0,0.45133003200000005
1,0.4510353276,0.50668,1.0,0.80871548,0.05,1.0,0.426698384
2,0.45294482999999996,0.50668,1.0,0.789838332,0.05,1.0,0.389256448
3,0.5841902843999999,0.3337,1.0,0.77618876,0.05,1.0,0.343066188
4,0.5997424123999998,0.3337,0.87387,0.754377368,0.05,1.0,0.315794952
5,0.6000079923999999,0.3337,0.83979,0.7364263839999999,0.05,1.0,0.287704666
6,0.6340529323999999,0.29658,0.82486,0.7192507519999999,0.05,1.0,0.252456844
7,0.6342202309999999,0.29658,0.81326,0.69909819,0.05,1.0,0.23258140599999996
8,0.6355990430999999,0.29658,0.80367,0.6824553099999999,0.05,1.0,0.19398808400000003
9,0.6355990430999999,0.29658,0.7889,0.667326082,0.05,1.0,0.16559438199999998
10,0.6355990430999999,0.29658,0.77006,0.649370084,0.05,1.0,0.16574130599999998
11,0.6355990430999999,0.29658,0.75037,0.63088329,0.05,1.0,0.175894368
12,0.6370255313999998,0.29658,0.71636,0.617173706,0.05,1.0,0.16543469200000002
13,0.6435939519999999,0.29249,0.68107,0.6081679799999999,0.05,1.0,0.14637635
14,0.6435939519999999,0.29249,0.66634,0.6011178079999999,0.05,1.0,0.126961722
Best Pareto front
Generation,Hypervolume,error,gate fit
15,0.6435939519999999,0.46715,0.10345
15,0.6435939519999999,0.60485,0.05
15,0.6435939519999999,0.35183,0.17241
15,0.6435939519999999,0.43338,0.13793
15,0.6435939519999999,0.29249,0.2069
15,0.6435939519999999,0.57828,0.06897
Best fitness
Objective,Generation,Error
0,15,0.29249
1,2,0.05
Avg simulation runtime,Avg generation runtime
29.12933333333334,61.05333333333333
