Generation,Hypervolume,Min error,Max error,Avg error,Min gate fit,Max gate fit,Avg gate fit
0,0.3998520673,0.48056,1.0,0.8375294200000001,0.05,1.0,0.4525605739999999
1,0.46565539749999996,0.48056,1.0,0.81465491,0.05,1.0,0.397816836
2,0.46762216919999994,0.48056,0.89406,0.7974983219999999,0.05,1.0,0.354286548
3,0.47139600039999996,0.48056,0.84046,0.782079004,0.05,1.0,0.333758648
4,0.474101646,0.48056,0.82436,0.7701010020000001,0.05,1.0,0.306360748
5,0.48316343610000007,0.47278,0.8158,0.757799808,0.05,1.0,0.289944942
6,0.48316343610000007,0.47278,0.80208,0.745009634,0.05,1.0,0.272357736
7,0.48316343610000007,0.47278,0.78734,0.734834942,0.05,1.0,0.24605808399999995
8,0.5606464169999998,0.37932,0.77876,0.723348002,0.05,1.0,0.23223497399999996
Best Pareto front
Generation,Hypervolume,error,gate fit
10,0.5606464169999998,0.60749,0.05
10,0.5606464169999998,0.60501,0.06897
10,0.5606464169999998,0.52654,0.13793
10,0.5606464169999998,0.44005,0.17241
10,0.5606464169999998,0.37932,0.24138
Best fitness
Objective,Generation,Error
0,10,0.37932
1,2,0.05
Avg simulation runtime,Avg generation runtime
69.50000000000001,nan
