Generation,Hypervolume,Min error,Max error,Avg error,Min gate fit,Max gate fit,Avg gate fit
0,0.426865613,0.5,1.0,0.832664094,0.06897,1.24138,0.29403475799999995
1,0.45275311300000004,0.25,1.0,0.803407584,0.06897,1.2069,0.227132168
2,0.478615613,0.25,1.0,0.793167228,0.06897,1.2069,0.18907789000000003
3,0.50208428,0.25,1.0,0.79385828,0.06897,1.2069,0.18247797400000001
4,0.50208428,0.25,1.0,0.792204496,0.06897,1.2069,0.18245734400000002
5,0.5030266184,0.25,1.0,0.791369648,0.06897,1.2069,0.182953874
6,0.5030266184,0.25,1.0,0.7910187019999999,0.06897,1.2069,0.183547018
7,0.513098113,0.25,1.0,0.79176934,0.06897,1.2069,0.182981518
8,0.513098113,0.25,1.0,0.791092094,0.06897,1.2069,0.181277988
9,0.513098113,0.25,1.0,0.79248151,0.06897,1.2069,0.181278006
10,0.513098113,0.25,1.0,0.792793972,0.06897,1.2069,0.18169870999999999
11,0.513098113,0.25,1.0,0.792348596,0.06897,1.2069,0.18099524
12,0.513098113,0.25,1.0,0.7914809380000001,0.06897,1.2069,0.182326292
13,0.513098113,0.25,1.0,0.790794832,0.06897,1.2069,0.181526258
14,0.513098113,0.25,1.0,0.7911961900000001,0.06897,1.2069,0.18189181199999999
15,0.513098113,0.25,1.0,0.791169052,0.06897,1.2069,0.182264212
16,0.513098113,0.25,1.0,0.79155814,0.06897,1.2069,0.182498684
17,0.513098113,0.25,1.0,0.791760648,0.06897,1.2069,0.182333198
18,0.513098113,0.25,1.0,0.7916664360000001,0.06897,1.2069,0.18160214
19,0.513098113,0.25,1.0,0.79164437,0.06897,1.2069,0.18011939600000001
20,0.513098113,0.25,1.0,0.7913516620000001,0.06897,1.2069,0.18185729
21,0.513098113,0.25,1.0,0.7943000739999999,0.06897,1.2069,0.18165728199999998
22,0.513098113,0.25,1.0,0.792802834,0.06897,1.2069,0.181071134
23,0.513098113,0.25,1.0,0.792226318,0.06897,1.2069,0.182609064
24,0.513098113,0.25,1.0,0.791945244,0.06897,1.24138,0.18188493600000002
Best Pareto front
Generation,Hypervolume,error,gate fit
9,0.513098113,0.75,0.06897
9,0.513098113,0.75,0.06897
9,0.513098113,0.75,0.06897
9,0.513098113,0.75,0.06897
9,0.513098113,0.75,0.06897
9,0.513098113,0.75,0.06897
9,0.513098113,0.75,0.06897
9,0.513098113,0.75,0.06897
9,0.513098113,0.75,0.06897
9,0.513098113,0.625,0.10345
9,0.513098113,0.625,0.10345
9,0.513098113,0.625,0.10345
9,0.513098113,0.625,0.10345
9,0.513098113,0.625,0.10345
9,0.513098113,0.5,0.13793
9,0.513098113,0.5,0.13793
9,0.513098113,0.25,0.75862
Best fitness
Objective,Generation,Error
0,3,0.25
1,2,0.06897
Avg simulation runtime,Avg generation runtime
21.7484,35.3232
