Generation,Hypervolume,Min error,Max error,Avg error,Min gate fit,Max gate fit,Avg gate fit
0,0.555359493,0.37388,1.0,0.8388499020000001,0.05,1.0,0.44742469
1,0.5562694201999999,0.37388,1.0,0.814516086,0.05,1.0,0.409925128
2,0.5650369482,0.37388,1.0,0.7987796659999999,0.05,1.0,0.360321422
3,0.5663469210000001,0.37388,0.94459,0.7855347079999999,0.05,1.0,0.31491078
4,0.5664717436,0.37388,0.85933,0.768806068,0.05,1.0,0.296666682
5,0.5735144494,0.37388,0.83116,0.755430206,0.05,1.0,0.26648465800000004
6,0.5790663895,0.36625,0.82021,0.740384214,0.05,1.0,0.251050168
Best Pareto front
Generation,Hypervolume,error,gate fit
8,0.5790663895,0.46715,0.10345
8,0.5790663895,0.5948,0.06897
8,0.5790663895,0.41609,0.13793
8,0.5790663895,0.36625,0.27586
8,0.5790663895,0.62564,0.05
Best fitness
Objective,Generation,Error
0,8,0.36625
1,2,0.05
Avg simulation runtime,Avg generation runtime
40.785714285714285,136.48
