Generation,Hypervolume,Min error,Max error,Avg error,Min gate fit,Max gate fit,Avg gate fit
0,0.44841811299999995,0.5,1.0,0.831186162,0.06897,1.10345,0.30427597
1,0.44841811299999995,0.5,1.0,0.798297806,0.06897,1.17241,0.238849258
2,0.44841811299999995,0.5,1.0,0.783198188,0.06897,1.06897,0.187264138
3,0.452728113,0.5,1.0,0.779632102,0.06897,1.17241,0.178071126
4,0.452728113,0.5,1.0,0.775955954,0.06897,1.17241,0.17945028999999998
5,0.452728113,0.5,1.0,0.769610344,0.06897,1.10345,0.183401768
6,0.452728113,0.5,1.0,0.751680092,0.06897,1.06897,0.19133220400000003
7,0.452728113,0.5,1.0,0.73857579,0.06897,1.06897,0.195800758
8,0.452728113,0.5,1.0,0.7360504699999999,0.06897,1.06897,0.195200812
9,0.452728113,0.5,1.0,0.7376858639999999,0.06897,1.06897,0.195724946
10,0.452728113,0.5,1.0,0.7356628199999999,0.06897,1.17241,0.196793912
11,0.452728113,0.5,1.0,0.7344023380000001,0.06897,1.06897,0.195690468
12,0.452728113,0.5,1.0,0.73415277,0.06897,1.06897,0.195276694
13,0.452728113,0.5,1.0,0.732865576,0.06897,1.2069,0.195573256
14,0.452728113,0.5,1.0,0.732069174,0.06897,1.06897,0.19593185800000001
15,0.452728113,0.5,1.0,0.733412274,0.06897,1.06897,0.195511138
16,0.452728113,0.5,1.0,0.7294252539999999,0.06897,1.06897,0.194324972
17,0.452728113,0.5,1.0,0.730793232,0.06897,1.06897,0.196069772
18,0.452728113,0.5,1.0,0.72826019,0.06897,1.06897,0.19526286399999998
19,0.452728113,0.5,1.0,0.729081722,0.06897,1.06897,0.194842198
20,0.452728113,0.5,1.0,0.729567992,0.06897,1.17241,0.19564220000000002
21,0.452728113,0.5,1.0,0.729513038,0.06897,1.13793,0.19426290200000002
22,0.452728113,0.5,1.0,0.730372626,0.06897,1.17241,0.196235308
23,0.452728113,0.5,1.0,0.7294095759999999,0.06897,1.06897,0.195531824
Best Pareto front
Generation,Hypervolume,error,gate fit
5,0.452728113,0.625,0.10345
5,0.452728113,0.625,0.10345
5,0.452728113,0.625,0.10345
5,0.452728113,0.625,0.10345
5,0.452728113,0.625,0.10345
5,0.452728113,0.75,0.06897
5,0.452728113,0.75,0.06897
5,0.452728113,0.75,0.06897
5,0.452728113,0.75,0.06897
5,0.452728113,0.75,0.06897
5,0.452728113,0.75,0.06897
5,0.452728113,0.75,0.06897
5,0.452728113,0.5,0.13793
Best fitness
Objective,Generation,Error
0,2,0.5
1,2,0.06897
Avg simulation runtime,Avg generation runtime
23.153333333333336,36.55166666666667
