Generation,Hypervolume,Min error,Max error,Avg error,Min gate fit,Max gate fit,Avg gate fit
0,0.9035650317999999,0.02041,0.875,0.500928028,0.005,0.96552,0.142655838
1,0.9057996805999999,0.02041,0.875,0.57244024,0.005,0.96552,0.058740419999999995
2,0.9385985175999998,1e-05,0.875,0.5141296179999999,0.005,0.96552,0.071668982
3,0.9429081727999999,1e-05,0.875,0.521729184,0.005,0.96552,0.080658442
4,0.9429081727999999,1e-05,0.875,0.501964874,0.005,0.96552,0.077005832
5,0.94291576,-0.0,0.875,0.39657857199999996,0.005,0.96552,0.13320580399999998
6,0.94291576,-0.0,0.875,0.193316882,0.005,0.58621,0.18727027999999998
7,0.94291576,-0.0,0.875,0.068400694,0.005,0.55172,0.2436734479999999
8,0.94291576,-0.0,0.75,0.045217176,0.005,0.51724,0.24779257399999993
9,0.94291576,-0.0,0.75,0.050162164,0.005,0.51724,0.24808711599999997
10,0.94291576,-0.0,0.75,0.048947279999999996,0.005,0.51724,0.24820437799999995
11,0.94291576,-0.0,0.75,0.04850738,0.005,0.51724,0.24870782399999994
12,0.94291576,-0.0,0.75,0.049424965999999994,0.005,0.51724,0.24841818199999993
13,0.94291576,-0.0,0.75,0.04729069,0.005,0.51724,0.24786644399999996
14,0.94291576,-0.0,0.75,0.051617034,0.005,0.51724,0.24823194399999993
15,0.94291576,-0.0,0.75,0.051169216,0.005,0.51724,0.24865263799999993
16,0.94291576,-0.0,0.75,0.04810538600000001,0.005,0.51724,0.24848713999999997
17,0.94291576,-0.0,0.75,0.046961421999999996,0.005,0.51724,0.24816988599999995
18,0.94291576,-0.0,0.75,0.05331114600000001,0.005,0.51724,0.24876297599999997
19,0.94291576,-0.0,0.75,0.048915688,0.005,0.51724,0.24809402799999994
20,0.94291576,-0.0,0.75,0.053980829999999994,0.005,0.51724,0.24880434199999996
21,0.94291576,-0.0,0.75,0.047940278,0.005,0.51724,0.24796987199999995
22,0.94291576,-0.0,0.75,0.051793430000000015,0.005,0.51724,0.24854230599999996
Best Pareto front
Generation,Hypervolume,error,gate fit
7,0.94291576,0.25,0.03448
7,0.94291576,0.25,0.03448
7,0.94291576,0.25,0.03448
7,0.94291576,0.25,0.03448
7,0.94291576,0.25,0.03448
7,0.94291576,0.25,0.03448
7,0.94291576,0.25,0.03448
7,0.94291576,0.25,0.03448
7,0.94291576,0.25,0.03448
7,0.94291576,0.75,0.005
7,0.94291576,0.75,0.005
7,0.94291576,0.75,0.005
7,0.94291576,0.75,0.005
7,0.94291576,0.75,0.005
7,0.94291576,0.75,0.005
7,0.94291576,0.75,0.005
7,0.94291576,0.75,0.005
7,0.94291576,0.75,0.005
7,0.94291576,0.125,0.06897
7,0.94291576,-0.0,0.24138
Best fitness
Objective,Generation,Error
0,7,-0.0
1,2,0.005
Avg simulation runtime,Avg generation runtime
27.323913043478257,37.38608695652174
