Generation,Hypervolume,Min error,Max error,Avg error,Min gate fit,Max gate fit,Avg gate fit
0,0.5313617786,0.41504,1.0,0.837101642,0.05,1.0,0.44460913999999996
1,0.5333455715,0.41504,1.0,0.8082108,0.05,1.0,0.40635096800000003
2,0.5333455715,0.41504,1.0,0.7890580939999999,0.05,1.0,0.36364620999999997
3,0.5333455715,0.41504,0.88861,0.7691481840000001,0.05,1.0,0.323859688
4,0.5401072923,0.40456,0.84067,0.750445292,0.05,1.0,0.294418362
5,0.5526162613,0.38261,0.82629,0.733349804,0.05,1.0,0.260690172
6,0.5989880737999999,0.31548,0.8158,0.7142306220000001,0.05,1.0,0.24570645600000002
7,0.6009833541999998,0.31548,0.80121,0.697423838,0.05,1.0,0.217547274
8,0.6237200399999999,0.31548,0.78349,0.680585606,0.05,1.0,0.19188700800000003
9,0.6336515406999998,0.29973,0.77249,0.664652242,0.05,1.0,0.180769332
10,0.6343185193999998,0.29973,0.76215,0.640697022,0.05,1.0,0.187906504
Best Pareto front
Generation,Hypervolume,error,gate fit
12,0.6343185193999998,0.5842,0.10345
12,0.6343185193999998,0.32125,0.13793
12,0.6343185193999998,0.29973,0.37931
12,0.6343185193999998,0.59849,0.06897
12,0.6343185193999998,0.60541,0.05
Best fitness
Objective,Generation,Error
0,11,0.29973
1,2,0.05
Avg simulation runtime,Avg generation runtime
34.85818181818181,84.56454545454545
