Generation,Hypervolume,Min error,Max error,Avg error,Min gate fit,Max gate fit,Avg gate fit
0,0.48203628369999996,0.4754,0.99445,0.8372300100000001,0.05,1.0,0.45170336399999994
1,0.48386914189999997,0.4754,1.0,0.810416242,0.05,1.0,0.4190465260000001
2,0.5275379645999999,0.42666,1.0,0.7925148919999999,0.05,1.0,0.37360727800000004
3,0.5277534645999999,0.42666,0.88452,0.774144208,0.05,1.0,0.33394975800000004
4,0.5909199100000001,0.35402,0.84442,0.7557240439999999,0.05,1.0,0.30217502
5,0.5910117248000001,0.35402,0.82679,0.740012254,0.05,1.0,0.274031888
6,0.5910117248000001,0.35402,0.81668,0.720784248,0.05,1.0,0.255390202
7,0.591141859,0.35402,0.80653,0.7039648559999999,0.05,1.0,0.212171722
8,0.6164573294000001,0.32226,0.79465,0.685748048,0.05,1.0,0.18136112
9,0.6283322206999999,0.30679,0.77808,0.666339084,0.05,1.0,0.16100947200000001
10,0.644876451,0.28651,0.75415,0.647299526,0.05,1.0,0.143024708
Best Pareto front
Generation,Hypervolume,error,gate fit
12,0.644876451,0.42666,0.13793
12,0.644876451,0.35402,0.17241
12,0.644876451,0.57282,0.10345
12,0.644876451,0.57382,0.06897
12,0.644876451,0.28651,0.2069
12,0.644876451,0.61156,0.05
Best fitness
Objective,Generation,Error
0,12,0.28651
1,2,0.05
Avg simulation runtime,Avg generation runtime
34.64545454545455,82.66363636363636
