Generation,Hypervolume,Min error,Max error,Avg error,Min gate fit,Max gate fit,Avg gate fit
0,0.439407389,0.5077,0.99698,0.8373969600000001,0.05,1.0,0.4568073980000001
1,0.44693904720000005,0.5077,1.0,0.809178524,0.05,1.0,0.42221336000000004
2,0.5139861813,0.44169,1.0,0.791243698,0.05,1.0,0.38272030799999995
3,0.6225067587,0.31151,0.90863,0.774028532,0.05,1.0,0.340866894
4,0.6230076084000001,0.31151,0.84576,0.756617922,0.05,1.0,0.32235283800000003
5,0.6230289860000001,0.31151,0.82907,0.742488832,0.05,1.0,0.297915338
6,0.6249846916000001,0.31151,0.82034,0.725578582,0.05,1.0,0.284006748
7,0.6306683748,0.31151,0.81101,0.7106237019999999,0.05,1.0,0.262042332
8,0.6336634104,0.31151,0.7992,0.696158454,0.05,1.0,0.23194481
9,0.6336634104,0.31151,0.78715,0.68358472,0.05,1.0,0.19464320000000002
10,0.6336634104,0.31151,0.77277,0.665073232,0.05,1.0,0.175911814
Best Pareto front
Generation,Hypervolume,error,gate fit
10,0.6336634104,0.31151,0.17241
10,0.6336634104,0.58063,0.06897
10,0.6336634104,0.46715,0.10345
10,0.6336634104,0.32125,0.13793
10,0.6336634104,0.60589,0.05
Best fitness
Objective,Generation,Error
0,5,0.31151
1,2,0.05
Avg simulation runtime,Avg generation runtime
35.78090909090909,86.02454545454545
