Generation,Hypervolume,Min error,Max error,Avg error,Min gate fit,Max gate fit,Avg gate fit
0,0.9271026944999998,-0.0,0.875,0.49113033799999994,0.005,1.03448,0.15127472000000003
1,0.93860576,-0.0,0.875,0.448063956,0.005,0.82759,0.175279234
2,0.93860576,-0.0,0.875,0.340239268,0.005,0.62069,0.22691901599999997
3,0.94291576,-0.0,0.875,0.16852920200000002,0.005,0.62069,0.304086788
4,0.94291576,-0.0,0.875,0.17062980400000002,0.005,0.62069,0.276967158
5,0.94291576,-0.0,0.875,0.14003392999999997,0.005,0.62069,0.27377494799999996
6,0.94291576,-0.0,0.875,0.117990184,0.005,0.62069,0.2706352999999999
7,0.94291576,-0.0,0.875,0.10481138200000001,0.005,0.62069,0.26839990799999996
8,0.94291576,-0.0,0.875,0.11012952000000001,0.005,0.58621,0.268129048
9,0.94291576,-0.0,0.875,0.101592946,0.005,0.55172,0.25286423999999996
10,0.94291576,-0.0,0.875,0.12352884399999998,0.005,0.55172,0.24292034399999993
11,0.94291576,-0.0,0.875,0.13661571599999997,0.005,0.51724,0.23527849999999995
12,0.94291576,-0.0,0.875,0.14777270199999998,0.005,0.62069,0.23430352599999996
13,0.94291576,-0.0,0.875,0.153999394,0.005,0.62069,0.23232857199999998
14,0.94291576,-0.0,0.875,0.145646854,0.005,0.62069,0.23624728399999995
15,0.94291576,-0.0,0.875,0.12161350399999998,0.005,0.48276,0.24017539999999998
16,0.94291576,-0.0,0.875,0.12633270400000002,0.005,0.58621,0.24257925199999994
17,0.94291576,-0.0,0.875,0.12985247800000002,0.005,0.48276,0.24088413999999994
18,0.94291576,-0.0,0.875,0.13831094800000002,0.005,0.55172,0.23817359399999996
19,0.94291576,-0.0,0.875,0.12659663799999998,0.005,0.48276,0.24008333599999995
20,0.94291576,-0.0,0.875,0.142785896,0.005,0.55172,0.24009957199999996
Best Pareto front
Generation,Hypervolume,error,gate fit
5,0.94291576,0.75,0.005
5,0.94291576,0.75,0.005
5,0.94291576,0.75,0.005
5,0.94291576,0.75,0.005
5,0.94291576,0.75,0.005
5,0.94291576,0.75,0.005
5,0.94291576,0.75,0.005
5,0.94291576,0.75,0.005
5,0.94291576,0.75,0.005
5,0.94291576,0.75,0.005
5,0.94291576,0.25,0.03448
5,0.94291576,0.25,0.03448
5,0.94291576,0.25,0.03448
5,0.94291576,0.25,0.03448
5,0.94291576,0.25,0.03448
5,0.94291576,0.25,0.03448
5,0.94291576,0.125,0.06897
5,0.94291576,0.125,0.06897
5,0.94291576,-0.0,0.24138
Best fitness
Objective,Generation,Error
0,2,-0.0
1,2,0.005
Avg simulation runtime,Avg generation runtime
29.288571428571426,41.209999999999994
