Generation,Hypervolume,Min error,Max error,Avg error,Min gate fit,Max gate fit,Avg gate fit
0,0.4937621271,0.46715,1.0,0.8364587080000001,0.05,1.0,0.456421954
1,0.49720592080000003,0.46715,1.0,0.8089710019999999,0.05,1.0,0.42147313599999997
2,0.4976073386,0.46715,1.0,0.789547778,0.05,1.0,0.38332355400000007
3,0.4977149162,0.46715,0.95499,0.7750784600000001,0.05,1.0,0.33897116
4,0.49824956800000003,0.46715,0.85908,0.75608063,0.05,1.0,0.31865198600000005
5,0.49824956800000003,0.46715,0.83078,0.7398868239999999,0.05,1.0,0.296368208
6,0.4985921825,0.46715,0.8224,0.7225739880000001,0.05,1.0,0.27437174799999997
7,0.5083753059,0.38969,0.80734,0.705509606,0.05,1.0,0.253411134
8,0.5344350418,0.38969,0.79314,0.6901517340000001,0.05,1.0,0.21998521000000001
9,0.5440140448999999,0.38969,0.77835,0.672559708,0.05,1.0,0.191135224
10,0.5828682725,0.3538,0.76264,0.649252194,0.05,1.0,0.18695496
11,0.5971365782,0.32605,0.69507,0.62975798,0.05,1.0,0.171828754
Best Pareto front
Generation,Hypervolume,error,gate fit
13,0.5971365782,0.46715,0.10345
13,0.5971365782,0.61148,0.05
13,0.5971365782,0.59202,0.06897
13,0.5971365782,0.32605,0.86207
13,0.5971365782,0.42056,0.13793
13,0.5971365782,0.35247,0.2069
Best fitness
Objective,Generation,Error
0,13,0.32605
1,2,0.05
Avg simulation runtime,Avg generation runtime
34.211666666666666,77.535
