Generation,Hypervolume,Min error,Max error,Avg error,Min gate fit,Max gate fit,Avg gate fit
0,0.5897859897999999,0.32498,1.0,0.8349919379999999,0.05,1.0,0.45126785399999997
1,0.5913713145999999,0.32498,1.0,0.806566094,0.05,1.0,0.415366528
2,0.5913713145999999,0.32498,1.0,0.7890395,0.05,1.0,0.366972148
3,0.5913713145999999,0.32498,0.87135,0.767216102,0.05,1.0,0.340840452
4,0.5980043334999999,0.32498,0.83004,0.749973794,0.05,1.0,0.313660844
5,0.5980043334999999,0.32498,0.81759,0.731144766,0.05,1.0,0.28905879999999995
6,0.5989039167,0.32498,0.8045,0.7127643819999999,0.05,1.0,0.25508472600000004
7,0.6103602393,0.31049,0.78665,0.6958143299999999,0.05,1.0,0.218625576
8,0.6104412351,0.31049,0.77707,0.679870652,0.05,1.0,0.181251872
9,0.6106552167,0.31049,0.7691,0.662751818,0.05,1.0,0.15522644
Best Pareto front
Generation,Hypervolume,error,gate fit
11,0.6106552167,0.32498,0.24138
11,0.6106552167,0.5804,0.10345
11,0.6106552167,0.31049,0.37931
11,0.6106552167,0.47928,0.13793
11,0.6106552167,0.60435,0.06897
11,0.6106552167,0.60804,0.05
Best fitness
Objective,Generation,Error
0,9,0.31049
1,2,0.05
Avg simulation runtime,Avg generation runtime
34.391999999999996,92.181
