Generation,Hypervolume,Min error,Max error,Avg error,Min gate fit,Max gate fit,Avg gate fit
0,0.4153301537,0.5515,1.0,0.8367789939999999,0.05,1.0,0.44702084400000003
1,0.5624994114,0.37775,1.0,0.8093152840000001,0.05,1.0,0.41722539
2,0.5625990586,0.37775,1.0,0.791384788,0.05,1.0,0.37375441200000004
3,0.5633180216,0.37775,0.87982,0.7724019280000001,0.05,1.0,0.341584772
4,0.5641475427999999,0.37775,0.8429,0.753860294,0.05,1.0,0.31495376599999997
5,0.5669380091999999,0.37775,0.82621,0.737895112,0.05,1.0,0.280582082
6,0.5669380091999999,0.37775,0.81962,0.7197076259999999,0.05,1.0,0.263677288
7,0.5681882540000001,0.37775,0.80623,0.701704624,0.05,1.0,0.23914735
8,0.5768400556,0.36902,0.78833,0.684179376,0.05,1.0,0.22021253200000002
9,0.5788888740999999,0.36902,0.77696,0.668890044,0.05,1.0,0.194995638
10,0.6016294180999999,0.34497,0.76903,0.647534638,0.05,1.0,0.19355285800000002
Best Pareto front
Generation,Hypervolume,error,gate fit
12,0.6016294180999999,0.61217,0.05
12,0.6016294180999999,0.41523,0.13793
12,0.6016294180999999,0.60892,0.06897
12,0.6016294180999999,0.3451,0.17241
12,0.6016294180999999,0.46715,0.10345
12,0.6016294180999999,0.34497,0.2069
Best fitness
Objective,Generation,Error
0,12,0.34497
1,2,0.05
Avg simulation runtime,Avg generation runtime
34.82181818181818,85.66363636363636
