Generation,Hypervolume,Min error,Max error,Avg error,Min gate fit,Max gate fit,Avg gate fit
0,0.4063456093000001,0.54846,0.97134,0.836161818,0.05,1.0,0.45324437
1,0.4683054172,0.45969,1.0,0.81146377,0.05,1.0,0.42305999599999994
2,0.47311573990000005,0.45969,1.0,0.794540996,0.05,1.0,0.377225612
3,0.4910018749,0.45969,1.0,0.784485452,0.05,1.0,0.33460634600000005
4,0.544930375,0.39105,0.88493,0.7689199099999999,0.05,1.0,0.299245356
5,0.5451220468999999,0.39105,0.84703,0.7533577779999999,0.05,1.0,0.276106124
Best Pareto front
Generation,Hypervolume,error,gate fit
7,0.5451220468999999,0.56854,0.13793
7,0.5451220468999999,0.60805,0.06897
7,0.5451220468999999,0.47042,0.2069
7,0.5451220468999999,0.39105,0.24138
7,0.5451220468999999,0.58354,0.10345
7,0.5451220468999999,0.62505,0.05
Best fitness
Objective,Generation,Error
0,6,0.39105
1,2,0.05
Avg simulation runtime,Avg generation runtime
49.01499999999999,155.20166666666668
