Generation,Hypervolume,Min error,Max error,Avg error,Min gate fit,Max gate fit,Avg gate fit
0,0.43622932630000005,0.52689,0.9939,0.838274884,0.05,1.0,0.46002600999999993
1,0.4775037639,0.4699,1.0,0.814862138,0.05,1.0,0.42954644200000003
2,0.48014094170000005,0.4699,1.0,0.7991384380000001,0.05,1.0,0.397481692
3,0.48148634749999997,0.4699,1.0,0.789508802,0.05,1.0,0.351113786
4,0.5229646056,0.43434,0.9114,0.777492288,0.05,1.0,0.30171382599999996
5,0.5229646056,0.43434,0.84937,0.76224821,0.05,1.0,0.278930776
6,0.5233318648,0.43434,0.83116,0.7506648439999999,0.05,1.0,0.246151164
Best Pareto front
Generation,Hypervolume,error,gate fit
8,0.5233318648,0.43434,0.27586
8,0.5233318648,0.57595,0.06897
8,0.5233318648,0.46715,0.10345
8,0.5233318648,0.62713,0.05
Best fitness
Objective,Generation,Error
0,6,0.43434
1,2,0.05
Avg simulation runtime,Avg generation runtime
44.03285714285715,141.61857142857144
