Generation,Hypervolume,Min error,Max error,Avg error,Min gate fit,Max gate fit,Avg gate fit
0,0.45453597729999995,0.48471,1.0,0.8376692299999999,0.05,1.0,0.45723374999999994
1,0.5070923136,0.43049,1.0,0.8132430319999999,0.05,1.0,0.43241800999999996
2,0.5084990976,0.43049,1.0,0.7964578280000001,0.05,1.0,0.39320674200000005
3,0.5184092376,0.43049,1.0,0.784709126,0.05,1.0,0.35693477
4,0.5202559863999999,0.43049,1.0,0.778777778,0.05,1.0,0.302736122
5,0.5204489721,0.43049,0.86356,0.7607419879999999,0.05,1.0,0.278161342
6,0.5259643442,0.43049,0.83741,0.749500376,0.05,1.0,0.240366516
Best Pareto front
Generation,Hypervolume,error,gate fit
8,0.5259643442,0.56026,0.10345
8,0.5259643442,0.43049,0.27586
8,0.5259643442,0.60993,0.05
8,0.5259643442,0.44249,0.13793
8,0.5259643442,0.59929,0.06897
8,0.5259643442,0.43867,0.24138
Best fitness
Objective,Generation,Error
0,3,0.43049
1,2,0.05
Avg simulation runtime,Avg generation runtime
42.814285714285724,139.99428571428572
