Generation,Hypervolume,Min error,Max error,Avg error,Min gate fit,Max gate fit,Avg gate fit
0,0.5455884458,0.38352,1.0,0.8372880939999999,0.005,1.0,0.4592763780000001
1,0.5520287526999998,0.38352,1.0,0.8133763740000001,0.005,1.0,0.42120916399999997
2,0.5527053605999999,0.38352,1.0,0.799285128,0.005,1.0,0.367544552
3,0.5613940800999999,0.38352,1.0,0.786115626,0.005,1.0,0.32236742999999995
4,0.5625752831,0.38352,1.0,0.77568512,0.005,1.0,0.27734834799999997
5,0.5626448559,0.38352,1.0,0.7703219339999999,0.005,1.0,0.22644403000000002
6,0.625254211,0.31059,0.875,0.7557742319999999,0.005,1.0,0.190444272
7,0.6293202351,0.31059,0.83898,0.7423274999999999,0.005,1.0,0.151815072
8,0.634438713,0.31059,0.82625,0.729760724,0.005,1.0,0.12151595800000001
9,0.6401413261,0.31059,0.81412,0.706131392,0.005,1.0,0.125850162
10,0.6409221481,0.31059,0.78159,0.695578458,0.005,1.0,0.11243032199999997
11,0.6409221481,0.31059,0.7723,0.697629948,0.005,1.0,0.102034226
12,0.6421110256,0.31059,0.77152,0.66909637,0.005,1.0,0.14947388999999997
13,0.6444622168,0.31059,0.7706,0.6492566399999999,0.005,1.0,0.169956482
14,0.6467952282000001,0.31059,0.77003,0.662504168,0.005,1.0,0.11057394400000001
15,0.6488678210000001,0.31059,0.76962,0.6917655380000001,0.005,0.93103,0.053402342
16,0.6489395602000001,0.31059,0.76925,0.731109734,0.005,0.58621,0.02541517
17,0.6489647379000001,0.31059,0.76912,0.7432277039999999,0.005,0.48276,0.015547954000000001
18,0.6525569337,0.30672,0.76907,0.7549691019999999,0.005,0.48276,0.010703383999999998
Best Pareto front
Generation,Hypervolume,error,gate fit
20,0.6525569337,0.76903,0.005
20,0.6525569337,0.46715,0.10345
20,0.6525569337,0.32125,0.13793
20,0.6525569337,0.52264,0.06897
20,0.6525569337,0.60591,0.03448
20,0.6525569337,0.30672,0.17241
Best fitness
Objective,Generation,Error
0,20,0.30672
1,2,0.005
Avg simulation runtime,Avg generation runtime
37.62947368421053,79.84999999999998
