Generation,Hypervolume,Min error,Max error,Avg error,Min gate fit,Max gate fit,Avg gate fit
0,0.5373316162999999,0.41166,1.0,0.839325138,0.005,1.0,0.456971842
1,0.5442007861999999,0.41166,1.0,0.815342016,0.005,1.0,0.42080199199999996
2,0.5458062829999999,0.41166,1.0,0.80102255,0.005,1.0,0.37171169600000004
3,0.5815629110999999,0.35571,1.0,0.789576262,0.005,1.0,0.315096274
4,0.5843689632,0.35571,1.0,0.77686951,0.005,1.0,0.27536363799999997
5,0.5843689632,0.35571,1.0,0.77015526,0.005,1.0,0.221956718
6,0.5885258107999999,0.35571,1.0,0.7681941719999998,0.005,1.0,0.163484942
7,0.5886371812,0.35571,0.89082,0.762432016,0.005,1.0,0.101977304
8,0.5888185163999999,0.35571,0.8338,0.7477861779999999,0.005,1.0,0.07918249799999999
9,0.5923175467999999,0.35571,0.82322,0.73096006,0.005,1.0,0.076549608
10,0.5925851503999999,0.35571,0.80946,0.710905296,0.005,1.0,0.081898314
11,0.5995024330000001,0.35571,0.78156,0.6947433999999999,0.005,1.0,0.100471982
12,0.6816467037,0.22653,0.77152,0.700601112,0.005,1.0,0.10691977600000001
13,0.6824761881999999,0.22653,0.77152,0.655879738,0.005,1.0,0.16486145200000002
14,0.6880955784999999,0.22653,0.77059,0.645554342,0.005,1.0,0.14545171599999998
15,0.6898626808,0.22653,0.77027,0.65265315,0.005,0.7931,0.09865149999999999
16,0.7002875956,0.22653,0.76971,0.656321744,0.005,0.7931,0.099120742
17,0.7002875956,0.22653,0.76934,0.699892018,0.005,0.7931,0.05051861
18,0.7017078178,0.22653,0.76919,0.71864554,0.005,0.72414,0.030373926
19,0.7051958124999999,0.22162,0.76905,0.7468618899999999,0.005,0.48276,0.014793207999999999
Best Pareto front
Generation,Hypervolume,error,gate fit
21,0.7051958124999999,0.46715,0.10345
21,0.7051958124999999,0.76903,0.005
21,0.7051958124999999,0.57366,0.06897
21,0.7051958124999999,0.29327,0.27586
21,0.7051958124999999,0.39079,0.13793
21,0.7051958124999999,0.2347,0.31034
21,0.7051958124999999,0.33443,0.17241
21,0.7051958124999999,0.22162,0.44828
21,0.7051958124999999,0.60472,0.03448
21,0.7051958124999999,0.30161,0.2069
Best fitness
Objective,Generation,Error
0,21,0.22162
1,2,0.005
Avg simulation runtime,Avg generation runtime
37.010000000000005,75.026
