Generation,Hypervolume,Min error,Max error,Avg error,Min gate fit,Max gate fit,Avg gate fit
0,0.4429330246999999,0.49519,1.0,0.837545816,0.05,1.0,0.4487140359999999
1,0.4882217596999999,0.44273,1.0,0.814013764,0.05,1.0,0.41788041000000004
2,0.5025774271,0.44273,1.0,0.7978302500000001,0.05,1.0,0.36708807
3,0.5055799079,0.44273,0.93734,0.785882618,0.05,1.0,0.321279092
4,0.5071159918999999,0.44273,0.85067,0.7691013520000001,0.05,1.0,0.29768567399999996
5,0.559292524,0.36927,0.83182,0.757528972,0.05,1.0,0.272097764
6,0.561997009,0.36927,0.82322,0.74394268,0.05,1.0,0.25930400200000003
Best Pareto front
Generation,Hypervolume,error,gate fit
8,0.561997009,0.49354,0.13793
8,0.561997009,0.60576,0.06897
8,0.561997009,0.36927,0.31034
8,0.561997009,0.57722,0.10345
8,0.561997009,0.60787,0.05
8,0.561997009,0.46511,0.17241
Best fitness
Objective,Generation,Error
0,7,0.36927
1,2,0.05
Avg simulation runtime,Avg generation runtime
45.06571428571429,142.9842857142857
