Generation,Hypervolume,Min error,Max error,Avg error,Min gate fit,Max gate fit,Avg gate fit
0,0.4367183902999999,0.4815,1.0,0.836252096,0.05,1.0,0.43859952
1,0.47973165300000004,0.39015,1.0,0.8072033080000001,0.05,1.0,0.41576751600000006
2,0.5248278784,0.39015,1.0,0.78684068,0.05,1.0,0.378054188
3,0.5248278784,0.39015,1.0,0.7725885339999999,0.05,1.0,0.32503868599999997
4,0.5307124277999999,0.39015,0.85784,0.74892366,0.05,1.0,0.30885842599999996
5,0.5401203611,0.39015,0.83255,0.732914148,0.05,1.0,0.28145599000000004
6,0.5401203611,0.39015,0.82169,0.713530412,0.05,1.0,0.264053966
7,0.5401203611,0.39015,0.80828,0.696930714,0.05,1.0,0.23213504000000001
8,0.5754417727,0.34081,0.79274,0.68339432,0.05,1.0,0.20355194999999998
9,0.5760486207,0.34081,0.77738,0.67188486,0.05,1.0,0.182851914
10,0.5794176452,0.34081,0.76995,0.649853396,0.05,1.0,0.19726771399999998
11,0.5985523151,0.32218,0.75063,0.632654544,0.05,1.0,0.20062378400000003
Best Pareto front
Generation,Hypervolume,error,gate fit
13,0.5985523151,0.46715,0.10345
13,0.5985523151,0.57648,0.06897
13,0.5985523151,0.60506,0.05
13,0.5985523151,0.41455,0.24138
13,0.5985523151,0.32218,0.65517
13,0.5985523151,0.34889,0.27586
13,0.5985523151,0.4395,0.17241
Best fitness
Objective,Generation,Error
0,13,0.32218
1,2,0.05
Avg simulation runtime,Avg generation runtime
32.92583333333332,76.8375
