Generation,Hypervolume,Min error,Max error,Avg error,Min gate fit,Max gate fit,Avg gate fit
0,0.4413970865,0.50786,1.0,0.8365832419999999,0.05,1.0,0.46155253599999996
1,0.44592930199999997,0.50786,1.0,0.809354586,0.05,1.0,0.431796356
2,0.4752304957,0.47004,1.0,0.789746736,0.05,1.0,0.393676772
3,0.47562149889999994,0.47004,1.0,0.776036426,0.05,1.0,0.34706508399999997
4,0.5420809172000001,0.40925,0.87041,0.7565849819999999,0.05,1.0,0.3159183
5,0.6066174611999999,0.31669,0.83718,0.740037076,0.05,1.0,0.289907598
6,0.6113098746999999,0.31669,0.8235,0.723787072,0.05,1.0,0.26407145
7,0.6113098746999999,0.31669,0.8123,0.7046505479999999,0.05,1.0,0.245607366
8,0.6114326105999999,0.31669,0.79412,0.6880889339999999,0.05,1.0,0.20898191200000002
9,0.6335369849999999,0.28692,0.78108,0.6712208860000001,0.05,1.0,0.185778242
10,0.6370187754,0.28692,0.77067,0.654848458,0.05,1.0,0.172839224
Best Pareto front
Generation,Hypervolume,error,gate fit
12,0.6370187754,0.40925,0.17241
12,0.6370187754,0.59572,0.06897
12,0.6370187754,0.46715,0.10345
12,0.6370187754,0.60813,0.05
12,0.6370187754,0.40952,0.13793
12,0.6370187754,0.28692,0.31034
12,0.6370187754,0.37722,0.2069
12,0.6370187754,0.37233,0.27586
Best fitness
Objective,Generation,Error
0,11,0.28692
1,2,0.05
Avg simulation runtime,Avg generation runtime
34.406363636363636,82.04909090909089
