Generation,Hypervolume,Min error,Max error,Avg error,Min gate fit,Max gate fit,Avg gate fit
0,0.38483777809999997,0.57967,1.0,0.8380207559999999,0.05,1.0,0.44853193199999997
1,0.4253545680999999,0.50844,1.0,0.8098244099999999,0.05,1.0,0.424131034
2,0.45591059859999994,0.50732,1.0,0.7898723480000001,0.05,1.0,0.39390146400000003
3,0.5054451661999999,0.44911,1.0,0.7752050960000001,0.05,1.0,0.35260807600000005
4,0.5062275041,0.44911,0.90867,0.7595205979999999,0.05,1.0,0.312229144
5,0.5452591983,0.3753,0.85344,0.742093314,0.05,1.0,0.28216295399999997
6,0.5571278980000001,0.3753,0.83057,0.725462576,0.05,1.0,0.261750196
7,0.5991604314,0.34206,0.82355,0.7105772060000001,0.05,1.0,0.22630471600000002
8,0.5996245322,0.34206,0.80571,0.6941691919999999,0.05,1.0,0.19049715
9,0.6253278548999999,0.32125,0.78814,0.6843158439999999,0.05,1.0,0.162852298
10,0.6253936807999999,0.32125,0.77969,0.6671170519999999,0.05,1.0,0.15608581400000002
11,0.6256829679999999,0.32125,0.77152,0.642836432,0.05,1.0,0.15686721
Best Pareto front
Generation,Hypervolume,error,gate fit
13,0.6256829679999999,0.46715,0.10345
13,0.6256829679999999,0.32125,0.13793
13,0.6256829679999999,0.60775,0.05
13,0.6256829679999999,0.57725,0.06897
Best fitness
Objective,Generation,Error
0,11,0.32125
1,2,0.05
Avg simulation runtime,Avg generation runtime
33.65166666666667,76.76833333333333
