Generation,Hypervolume,Min error,Max error,Avg error,Min gate fit,Max gate fit,Avg gate fit
0,0.4922492857,0.45653,1.0,0.8356543720000001,0.05,1.0,0.440992262
1,0.49583744979999994,0.45653,1.0,0.806950038,0.05,1.0,0.4109782799999999
2,0.49591434019999997,0.45653,1.0,0.786427176,0.05,1.0,0.37274038200000004
3,0.5065893643999999,0.44859,1.0,0.77111652,0.05,1.0,0.33523076
4,0.5066954066999999,0.44859,0.88336,0.753361446,0.05,1.0,0.300497034
5,0.5120698521,0.44859,0.83834,0.735038266,0.05,1.0,0.27718951000000003
6,0.5122894897,0.44859,0.82336,0.7164787340000001,0.05,1.0,0.24940270799999997
7,0.5943614716999999,0.34687,0.811,0.696362456,0.05,1.0,0.22386726200000004
8,0.5946610182999998,0.34687,0.79561,0.6819662959999999,0.05,1.0,0.186125286
9,0.5946610182999998,0.34687,0.78349,0.668253514,0.05,0.96552,0.16380942599999998
10,0.5983964945999999,0.34687,0.77152,0.652246504,0.05,0.96552,0.15938219599999998
11,0.5984039942999999,0.34687,0.73793,0.6352043759999999,0.05,0.96552,0.16742329
Best Pareto front
Generation,Hypervolume,error,gate fit
13,0.5984039942999999,0.46715,0.10345
13,0.5984039942999999,0.34687,0.31034
13,0.5984039942999999,0.3908,0.13793
13,0.5984039942999999,0.35243,0.24138
13,0.5984039942999999,0.5802,0.06897
13,0.5984039942999999,0.61621,0.05
Best fitness
Objective,Generation,Error
0,9,0.34687
1,2,0.05
Avg simulation runtime,Avg generation runtime
33.18,77.795
