Generation,Hypervolume,Min error,Max error,Avg error,Min gate fit,Max gate fit,Avg gate fit
0,0.4207093254,0.53399,0.96093,0.835887542,0.05,1.0,0.463311306
1,0.4234372517,0.53399,1.0,0.8072308880000001,0.05,1.0,0.436990388
2,0.430742109,0.52193,1.0,0.787066632,0.05,1.0,0.406480738
3,0.4327307272,0.52193,1.0,0.770711826,0.05,1.0,0.362030332
4,0.436062476,0.52193,0.89215,0.753677972,0.05,1.0,0.324396248
5,0.49321761659999985,0.45056,0.83658,0.73286755,0.05,1.0,0.30809219400000004
6,0.4956227290999998,0.45056,0.82324,0.71719075,0.05,1.0,0.27917362599999995
7,0.5367173996999999,0.4061,0.81055,0.698005578,0.05,1.0,0.259062668
8,0.5560823531999999,0.37942,0.79933,0.681399196,0.05,1.0,0.227987302
9,0.6142424249999999,0.32861,0.7872,0.6682627440000001,0.05,1.0,0.19680324600000004
10,0.6142424249999999,0.32861,0.77122,0.651385058,0.05,1.0,0.19729262199999997
11,0.6181752906,0.32861,0.74787,0.6298392899999999,0.05,1.0,0.213469834
Best Pareto front
Generation,Hypervolume,error,gate fit
13,0.6181752906,0.32861,0.13793
13,0.6181752906,0.61221,0.05
13,0.6181752906,0.6085,0.06897
13,0.6181752906,0.46715,0.10345
Best fitness
Objective,Generation,Error
0,11,0.32861
1,2,0.05
Avg simulation runtime,Avg generation runtime
34.16583333333333,78.15333333333334
