Generation,Hypervolume,Min error,Max error,Avg error,Min gate fit,Max gate fit,Avg gate fit
0,0.5119554727000001,0.39275,1.0,0.8355968720000001,0.05,1.0,0.45408804799999997
1,0.5119554727000001,0.39275,1.0,0.8089610839999999,0.05,1.0,0.419589524
2,0.5131285172000001,0.39275,1.0,0.790604854,0.05,1.0,0.38210098200000003
3,0.5290373195,0.39275,0.88578,0.771473138,0.05,1.0,0.3459834
4,0.5515118614,0.35768,0.84116,0.753352628,0.05,1.0,0.31993389
5,0.5939433488,0.32832,0.82375,0.736731342,0.05,1.0,0.30541493399999997
6,0.597402884,0.32832,0.81078,0.7191668800000001,0.05,1.0,0.28972253000000003
7,0.597402884,0.32832,0.79617,0.7026094,0.05,1.0,0.26794396800000003
8,0.6250059641999999,0.32125,0.78457,0.68578862,0.05,1.0,0.24528986
9,0.6251360983999998,0.32125,0.77164,0.667694582,0.05,1.0,0.22661958400000004
10,0.6257362855999999,0.32125,0.76894,0.651431718,0.05,1.0,0.205090996
Best Pareto front
Generation,Hypervolume,error,gate fit
12,0.6257362855999999,0.46715,0.10345
12,0.6257362855999999,0.32125,0.13793
12,0.6257362855999999,0.60583,0.05
12,0.6257362855999999,0.57676,0.06897
Best fitness
Objective,Generation,Error
0,10,0.32125
1,2,0.05
Avg simulation runtime,Avg generation runtime
35.14818181818181,85.24181818181818
