Generation,Hypervolume,Min error,Max error,Avg error,Min gate fit,Max gate fit,Avg gate fit
0,0.4591305220999999,0.47506,1.0,0.8379308059999999,0.005,1.0,0.444110694
1,0.46711224169999993,0.47506,1.0,0.8137057679999999,0.005,1.0,0.405892468
2,0.47781806279999994,0.47506,1.0,0.797574806,0.005,1.0,0.366096464
3,0.5114471692,0.42225,1.0,0.7880946,0.005,1.0,0.31573160399999994
4,0.5386774095,0.42225,1.0,0.773983288,0.005,1.0,0.26932555199999997
5,0.5393570827999999,0.42225,1.0,0.76373772,0.005,1.0,0.22831616400000002
6,0.5738283318999999,0.38454,1.0,0.756470192,0.005,1.0,0.182205924
7,0.5951970328999998,0.35172,1.0,0.7542671479999999,0.005,1.0,0.132690884
8,0.5962664101999999,0.35172,0.89243,0.7566266100000001,0.005,1.0,0.07785816200000001
9,0.6243712319999999,0.30651,0.82603,0.7365022279999999,0.005,1.0,0.07605894999999999
10,0.6243991607999999,0.30651,0.79336,0.7020438419999999,0.005,1.0,0.096735508
11,0.634821711,0.30651,0.78229,0.677802074,0.005,1.0,0.12848246600000002
12,0.6359490651,0.30651,0.77326,0.6991344119999999,0.005,0.82759,0.064561538
13,0.6503373875,0.29316,0.77152,0.6794816159999999,0.005,0.82759,0.069834172
14,0.6518242009,0.29316,0.77152,0.6233172760000001,0.005,0.82759,0.110336084
15,0.6586340688000001,0.28913,0.77041,0.641161168,0.005,0.82759,0.090088196
16,0.6619397296000001,0.28658,0.76968,0.6679794379999999,0.005,0.82759,0.071748988
17,0.687319372,0.25242,0.76941,0.663405934,0.005,0.82759,0.072573722
18,0.6890852635000001,0.25242,0.76929,0.6678468080000001,0.005,0.51724,0.060645658000000005
19,0.7155261522,0.21679,0.76912,0.7269365940000001,0.005,0.27586,0.021208875999999998
20,0.7167498474,0.21679,0.76903,0.739133066,0.005,0.27586,0.01479682
21,0.7167498474,0.21679,0.76903,0.767994504,0.005,0.27586,0.005399792
Best Pareto front
Generation,Hypervolume,error,gate fit
22,0.7167498474,0.76903,0.005
22,0.7167498474,0.21679,0.27586
22,0.7167498474,0.3883,0.13793
22,0.7167498474,0.25267,0.24138
22,0.7167498474,0.28664,0.17241
22,0.7167498474,0.60486,0.03448
22,0.7167498474,0.57806,0.06897
22,0.7167498474,0.46715,0.10345
Best fitness
Objective,Generation,Error
0,21,0.21679
1,2,0.005
Avg simulation runtime,Avg generation runtime
33.476818181818174,68.25727272727273
