Generation,Hypervolume,Min error,Max error,Avg error,Min gate fit,Max gate fit,Avg gate fit
0,0.5248634870000001,0.4177,1.0,0.838366142,0.05,1.0,0.444817752
1,0.5254224259000001,0.4177,1.0,0.81254028,0.05,1.0,0.41613780800000005
2,0.5258734243000001,0.4177,1.0,0.79667667,0.05,1.0,0.37590033599999995
3,0.5261225004,0.4177,1.0,0.7859045840000001,0.05,1.0,0.32140900199999994
4,0.5261225004,0.4177,0.875,0.769172284,0.05,1.0,0.294543878
5,0.5660052537,0.38231,0.83817,0.7543905559999999,0.05,1.0,0.269349482
6,0.5685122228,0.38231,0.82486,0.740146952,0.05,1.0,0.245033984
Best Pareto front
Generation,Hypervolume,error,gate fit
8,0.5685122228,0.46715,0.10345
8,0.5685122228,0.62512,0.05
8,0.5685122228,0.38231,0.2069
8,0.5685122228,0.5839,0.06897
8,0.5685122228,0.43984,0.13793
Best fitness
Objective,Generation,Error
0,7,0.38231
1,2,0.05
Avg simulation runtime,Avg generation runtime
41.49571428571429,136.01714285714283
