Generation,Hypervolume,Min error,Max error,Avg error,Min gate fit,Max gate fit,Avg gate fit
0,0.9303228568999999,-0.0,0.875,0.47100848000000006,0.005,0.96552,0.16087480999999998
1,0.93860576,-0.0,0.875,0.40315941,0.005,1.03448,0.197745784
2,0.94291576,-0.0,0.875,0.263791564,0.005,0.89655,0.25594013
3,0.94291576,-0.0,0.875,0.21725953399999998,0.005,0.93103,0.273463466
4,0.94291576,-0.0,0.875,0.16643143200000002,0.005,0.89655,0.282869862
5,0.94291576,-0.0,0.875,0.161774216,0.005,0.93103,0.275245888
6,0.94291576,-0.0,0.875,0.15916386999999999,0.005,0.93103,0.270007744
7,0.94291576,-0.0,0.875,0.15620506,0.005,0.93103,0.27206528599999996
8,0.94291576,-0.0,0.875,0.1498612,0.005,0.93103,0.27011404399999994
9,0.94291576,-0.0,0.875,0.15694946,0.005,0.86207,0.270022354
10,0.94291576,-0.0,0.875,0.155620098,0.005,0.86207,0.27064489199999997
11,0.94291576,-0.0,0.875,0.15439738,0.005,0.86207,0.27053588999999995
12,0.94291576,-0.0,0.875,0.154744062,0.005,0.86207,0.27192568199999995
13,0.94291576,-0.0,0.875,0.15889528,0.005,0.93103,0.27071616400000004
14,0.94291576,-0.0,0.875,0.154057422,0.005,0.86207,0.27041445199999997
15,0.94291576,-0.0,0.875,0.16259724,0.005,0.89655,0.27151792799999996
16,0.94291576,-0.0,0.875,0.15246992599999998,0.005,0.89655,0.27078471
17,0.94291576,-0.0,0.875,0.153480688,0.005,0.86207,0.27191698999999997
18,0.94291576,-0.0,0.875,0.1594042,0.005,0.89655,0.272002664
19,0.94291576,-0.0,0.875,0.15753681,0.005,0.86207,0.271168168
20,0.94291576,-0.0,0.875,0.157899528,0.005,0.86207,0.27282608399999997
Best Pareto front
Generation,Hypervolume,error,gate fit
4,0.94291576,0.75,0.005
4,0.94291576,0.75,0.005
4,0.94291576,0.75,0.005
4,0.94291576,0.75,0.005
4,0.94291576,0.75,0.005
4,0.94291576,0.75,0.005
4,0.94291576,0.75,0.005
4,0.94291576,0.75,0.005
4,0.94291576,0.75,0.005
4,0.94291576,0.25,0.03448
4,0.94291576,0.25,0.03448
4,0.94291576,0.25,0.03448
4,0.94291576,0.25,0.03448
4,0.94291576,0.25,0.03448
4,0.94291576,0.125,0.06897
4,0.94291576,-0.0,0.24138
Best fitness
Objective,Generation,Error
0,2,-0.0
1,2,0.005
Avg simulation runtime,Avg generation runtime
29.47095238095238,41.81619047619047
