Generation,Hypervolume,Min error,Max error,Avg error,Min gate fit,Max gate fit,Avg gate fit
0,0.4927852963,0.46272,1.0,0.8376983840000001,0.05,1.0,0.454418508
1,0.4927852963,0.46272,1.0,0.8134030699999999,0.05,1.0,0.41912278999999997
2,0.5257446214,0.41693,1.0,0.798515816,0.05,1.0,0.37171400600000004
3,0.5257877214,0.41693,0.93539,0.7858928879999999,0.05,1.0,0.32398024400000003
4,0.5259677466999999,0.41693,0.86175,0.768903876,0.05,1.0,0.29432650400000004
5,0.5261615243,0.41693,0.83695,0.755797688,0.05,1.0,0.25277658599999997
6,0.5344834533,0.40423,0.82332,0.741790092,0.05,1.0,0.22678105599999998
Best Pareto front
Generation,Hypervolume,error,gate fit
8,0.5344834533,0.46272,0.17241
8,0.5344834533,0.6191,0.05
8,0.5344834533,0.57285,0.10345
8,0.5344834533,0.57429,0.06897
8,0.5344834533,0.40423,0.34483
Best fitness
Objective,Generation,Error
0,8,0.40423
1,2,0.05
Avg simulation runtime,Avg generation runtime
44.07714285714286,138.93571428571428
