Generation,Hypervolume,Min error,Max error,Avg error,Min gate fit,Max gate fit,Avg gate fit
0,0.5140039823,0.37703,1.0,0.838361526,0.05,1.0,0.44833952
1,0.5177657165,0.37703,1.0,0.8150379959999999,0.05,1.0,0.413208882
2,0.5180823258,0.37703,1.0,0.800897746,0.05,1.0,0.359906964
3,0.5315183103000001,0.37703,0.91161,0.7872716599999999,0.05,1.0,0.32239458400000004
4,0.5512011392,0.37703,0.85631,0.772091028,0.05,1.0,0.302291468
5,0.5514252592000001,0.37703,0.8387,0.7600879639999999,0.05,1.0,0.26887911400000003
6,0.5550778659,0.37703,0.8284,0.747975378,0.05,1.0,0.23711258399999996
Best Pareto front
Generation,Hypervolume,error,gate fit
8,0.5550778659,0.37703,0.41379
8,0.5550778659,0.46715,0.10345
8,0.5550778659,0.61019,0.06897
8,0.5550778659,0.45931,0.17241
8,0.5550778659,0.61082,0.05
8,0.5550778659,0.4354,0.34483
Best fitness
Objective,Generation,Error
0,2,0.37703
1,2,0.05
Avg simulation runtime,Avg generation runtime
41.705714285714286,134.45142857142858
