Generation,Hypervolume,Min error,Max error,Avg error,Min gate fit,Max gate fit,Avg gate fit
0,0.43211527909999997,0.53049,1.0,0.8376998680000001,0.05,1.0,0.45346239800000004
1,0.43937490569999993,0.50433,1.0,0.814517106,0.05,1.0,0.42482390999999997
2,0.44179107139999996,0.50433,1.0,0.798313598,0.05,1.0,0.387066066
3,0.5824576489,0.35655,1.0,0.7883425559999999,0.05,1.0,0.334972658
4,0.5830372577,0.35655,0.88009,0.772855984,0.05,1.0,0.295960948
5,0.5864683559,0.35655,0.84901,0.7584393320000001,0.05,1.0,0.273266852
Best Pareto front
Generation,Hypervolume,error,gate fit
7,0.5864683559,0.35655,0.17241
7,0.5864683559,0.60886,0.05
7,0.5864683559,0.58317,0.10345
7,0.5864683559,0.46295,0.13793
Best fitness
Objective,Generation,Error
0,5,0.35655
1,2,0.05
Avg simulation runtime,Avg generation runtime
44.574999999999996,156.32833333333335
