Generation,Hypervolume,Min error,Max error,Avg error,Min gate fit,Max gate fit,Avg gate fit
0,0.45288975229999995,0.49832,1.0,0.837516822,0.05,1.0,0.46419776600000007
1,0.4541711758,0.49832,1.0,0.8135829360000001,0.05,1.0,0.4241495140000001
2,0.4583134982,0.49832,1.0,0.799168776,0.05,1.0,0.377832728
3,0.5453027984,0.37426,0.91057,0.78540594,0.05,1.0,0.334112096
4,0.5500131092999999,0.37426,0.85407,0.768769136,0.05,1.0,0.31479937799999996
5,0.5523577547999999,0.37426,0.82895,0.7553277,0.05,1.0,0.288277776
6,0.5612871372,0.37426,0.82322,0.742963032,0.05,1.0,0.263161982
Best Pareto front
Generation,Hypervolume,error,gate fit
8,0.5612871372,0.37426,0.31034
8,0.5612871372,0.59339,0.06897
8,0.5612871372,0.61097,0.05
8,0.5612871372,0.57559,0.10345
8,0.5612871372,0.42799,0.17241
8,0.5612871372,0.57509,0.13793
Best fitness
Objective,Generation,Error
0,5,0.37426
1,2,0.05
Avg simulation runtime,Avg generation runtime
43.785714285714285,138.38714285714283
