Generation,Hypervolume,Min error,Max error,Avg error,Min gate fit,Max gate fit,Avg gate fit
0,0.4111978858,0.56371,1.0,0.8379715700000001,0.005,1.0,0.44752629800000004
1,0.4329529485,0.53945,1.0,0.813423588,0.005,1.0,0.41059661999999997
2,0.4915733796000001,0.46491,1.0,0.797415694,0.005,1.0,0.368021144
3,0.4992569028,0.46491,1.0,0.78578419,0.005,1.0,0.312198376
4,0.4992569028,0.46491,1.0,0.7718592940000001,0.005,1.0,0.28181526
5,0.49952213089999997,0.46491,1.0,0.763330226,0.005,1.0,0.23445297999999998
6,0.49952213089999997,0.46491,1.0,0.7565851539999999,0.005,1.0,0.190182906
7,0.5640961604,0.38748,1.0,0.7614848040000001,0.005,1.0,0.123574678
8,0.6038720917,0.32697,0.85724,0.7504146899999999,0.005,1.0,0.085300294
9,0.6071680349,0.32697,0.82477,0.739269842,0.005,1.0,0.07915206799999999
10,0.6076176511000001,0.32697,0.81563,0.705452232,0.005,1.0,0.10761880999999998
11,0.6125635693000001,0.32697,0.78661,0.716678558,0.005,0.93103,0.06281911
12,0.6125647485000001,0.32697,0.77152,0.733315988,0.005,0.89655,0.039646492000000005
13,0.6141610725000001,0.32697,0.77152,0.6976976019999999,0.005,0.89655,0.07262303399999999
14,0.6177734912,0.32697,0.77152,0.652322696,0.005,0.89655,0.111969102
15,0.6179780127000001,0.32697,0.7707,0.60112253,0.005,0.89655,0.157065344
16,0.6419487309,0.29953,0.77012,0.583531722,0.005,0.89655,0.158674078
17,0.6473829237,0.29953,0.76984,0.6026561300000001,0.005,0.82759,0.12144999199999999
18,0.7265652758,0.20203,0.76966,0.629469194,0.005,0.55172,0.095830248
Best Pareto front
Generation,Hypervolume,error,gate fit
20,0.7265652758,0.76903,0.005
20,0.7265652758,0.60497,0.03448
20,0.7265652758,0.46715,0.10345
20,0.7265652758,0.57556,0.06897
20,0.7265652758,0.4097,0.13793
20,0.7265652758,0.20203,0.24138
20,0.7265652758,0.31513,0.17241
Best fitness
Objective,Generation,Error
0,20,0.20203
1,2,0.005
Avg simulation runtime,Avg generation runtime
37.77105263157895,80.84684210526315
