Generation,Hypervolume,Min error,Max error,Avg error,Min gate fit,Max gate fit,Avg gate fit
0,0.441155746,0.49805,0.98234,0.8382121520000001,0.05,1.0,0.4631447980000001
1,0.4655022331,0.48192,1.0,0.8143508399999999,0.05,1.0,0.435959382
2,0.4655022331,0.48192,1.0,0.796777016,0.05,1.0,0.392610858
3,0.5138166337,0.4021,1.0,0.783844706,0.05,1.0,0.349308486
4,0.5143737414999999,0.4021,1.0,0.775209614,0.05,1.0,0.295912318
5,0.5169577772999999,0.4021,0.9211,0.76476942,0.05,1.0,0.23839235400000003
6,0.528926329,0.4021,0.85917,0.747921752,0.05,1.0,0.20320827800000002
Best Pareto front
Generation,Hypervolume,error,gate fit
8,0.528926329,0.4021,0.41379
8,0.528926329,0.58275,0.10345
8,0.528926329,0.63322,0.05
8,0.528926329,0.44093,0.27586
8,0.528926329,0.60499,0.06897
8,0.528926329,0.52005,0.13793
Best fitness
Objective,Generation,Error
0,5,0.4021
1,2,0.05
Avg simulation runtime,Avg generation runtime
44.37571428571429,137.56
