Generation,Hypervolume,Min error,Max error,Avg error,Min gate fit,Max gate fit,Avg gate fit
0,0.49418415660000004,0.46715,1.0,0.836758676,0.05,1.0,0.45723990400000003
1,0.49679689470000005,0.46715,1.0,0.811944408,0.05,1.0,0.42558385
2,0.49679689470000005,0.46715,1.0,0.796507426,0.05,1.0,0.391916028
3,0.4981075435,0.46715,1.0,0.785922136,0.05,1.0,0.35359501
4,0.4982315558,0.46715,0.9115,0.774613782,0.05,1.0,0.307856418
5,0.5495075386,0.40783,0.85543,0.760694832,0.05,1.0,0.27770060599999996
6,0.5495075386,0.40783,0.83423,0.74837549,0.05,1.0,0.25671954999999996
Best Pareto front
Generation,Hypervolume,error,gate fit
7,0.5495075386,0.46715,0.10345
7,0.5495075386,0.62683,0.05
7,0.5495075386,0.61109,0.06897
7,0.5495075386,0.40783,0.13793
Best fitness
Objective,Generation,Error
0,7,0.40783
1,2,0.05
Avg simulation runtime,Avg generation runtime
44.91428571428571,138.06285714285713
