Generation,Hypervolume,Min error,Max error,Avg error,Min gate fit,Max gate fit,Avg gate fit
0,0.44647254529999997,0.52005,1.0,0.836548688,0.05,1.0,0.44689711000000004
1,0.4624941861,0.49963,1.0,0.812520808,0.05,1.0,0.42270821999999997
2,0.5014195309999999,0.43762,1.0,0.7947887639999999,0.05,1.0,0.38061762200000004
3,0.5018874246,0.43762,1.0,0.781433614,0.05,1.0,0.331181856
4,0.5077772200999999,0.43762,0.94346,0.770828474,0.05,1.0,0.278277148
5,0.6339087143,0.23515,0.86122,0.7535275539999999,0.05,1.0,0.24081515800000003
6,0.6429935159,0.23515,0.83337,0.739900036,0.05,1.0,0.205770716
Best Pareto front
Generation,Hypervolume,error,gate fit
8,0.6429935159,0.6157,0.05
8,0.6429935159,0.59962,0.06897
8,0.6429935159,0.23515,0.37931
8,0.6429935159,0.46715,0.10345
Best fitness
Objective,Generation,Error
0,7,0.23515
1,2,0.05
Avg simulation runtime,Avg generation runtime
43.91285714285714,137.07142857142858
