Generation,Hypervolume,Min error,Max error,Avg error,Min gate fit,Max gate fit,Avg gate fit
0,0.9224111951999999,0.01723,0.875,0.4519748680000001,0.005,0.89655,0.158409122
1,0.9224111951999999,0.01723,0.875,0.6109967719999999,0.005,0.89655,0.06500890399999999
2,0.9340888319999999,0.0003,0.875,0.63722796,0.005,0.89655,0.067264634
3,0.9340888319999999,0.0003,0.875,0.627574546,0.005,0.89655,0.068865938
4,0.9342957599999999,0.0,0.875,0.310811604,0.005,0.7931,0.21305594600000005
5,0.9385981743999998,0.0,0.875,0.21816092199999998,0.005,0.7931,0.240359238
6,0.9385981743999998,0.0,0.875,0.172202408,0.005,0.7931,0.267292652
7,0.93860576,0.0,0.875,0.05467620999999999,0.005,0.62069,0.310310118
8,0.93860576,0.0,0.75,0.05975302200000001,0.005,0.62069,0.310459348
9,0.93860576,0.0,0.875,0.09025702,0.005,0.65517,0.29959546
10,0.93860576,0.0,0.87437,0.07001777199999999,0.005,0.58621,0.29005878199999996
11,0.93860576,0.0,0.87457,0.047241276,0.005,0.58621,0.28290637799999996
12,0.93860576,0.0,0.75,0.046314874000000006,0.005,0.58621,0.28359605
13,0.93860576,0.0,0.875,0.05054857,0.005,0.58621,0.28334777199999994
14,0.93860576,0.0,0.875,0.04868206800000001,0.005,0.62069,0.282164552
15,0.93860576,0.0,0.875,0.059237168,0.005,0.58621,0.28112281999999994
16,0.93860576,0.0,0.875,0.056506351999999996,0.005,0.58621,0.27907679799999996
17,0.93860576,0.0,0.84182,0.058978832,0.005,0.58621,0.27898807999999997
18,0.93860576,0.0,0.875,0.06029243,0.005,0.58621,0.279543746
19,0.93860576,0.0,0.875,0.058221268,0.005,0.55172,0.27838220599999997
20,0.93860576,0.0,0.75883,0.06302853999999998,0.005,0.55172,0.279564506
21,0.93860576,0.0,0.875,0.06131479399999999,0.005,0.58621,0.27933601799999996
Best Pareto front
Generation,Hypervolume,error,gate fit
9,0.93860576,0.75,0.005
9,0.93860576,0.75,0.005
9,0.93860576,0.75,0.005
9,0.93860576,0.75,0.005
9,0.93860576,0.75,0.005
9,0.93860576,0.75,0.005
9,0.93860576,0.25,0.03448
9,0.93860576,0.25,0.03448
9,0.93860576,0.25,0.03448
9,0.93860576,0.25,0.03448
9,0.93860576,0.25,0.03448
9,0.93860576,0.125,0.06897
9,0.93860576,0.125,0.06897
9,0.93860576,0.0,0.27586
Best fitness
Objective,Generation,Error
0,6,0.0
1,2,0.005
Avg simulation runtime,Avg generation runtime
30.137727272727275,40.58045454545454
