Generation,Hypervolume,Min error,Max error,Avg error,Min gate fit,Max gate fit,Avg gate fit
0,0.9413303695999999,-0.0,0.875,0.46870669200000004,0.005,0.82759,0.175543202
1,0.94291576,-0.0,0.875,0.448678702,0.005,0.7931,0.134241424
2,0.94291576,-0.0,0.875,0.267503594,0.005,0.7931,0.19214876799999997
3,0.94291576,-0.0,0.875,0.116004644,0.005,0.62069,0.24840565799999995
4,0.94291576,-0.0,0.875,0.089375922,0.005,0.55172,0.25356257199999993
5,0.94291576,-0.0,0.875,0.09130314800000001,0.005,0.55172,0.253582526
6,0.94291576,-0.0,0.875,0.088408606,0.005,0.58621,0.2529647419999999
7,0.94291576,-0.0,0.875,0.08928528000000001,0.005,0.58621,0.25309880199999996
8,0.94291576,-0.0,0.875,0.09112237600000002,0.005,0.62069,0.25244068599999997
9,0.94291576,-0.0,0.875,0.08753961800000001,0.005,0.55172,0.25211559399999994
10,0.94291576,-0.0,0.875,0.087681854,0.005,0.55172,0.25159845399999997
11,0.94291576,-0.0,0.875,0.089175202,0.005,0.55172,0.25398656599999997
12,0.94291576,-0.0,0.875,0.08927132800000001,0.005,0.55172,0.252762962
13,0.94291576,-0.0,0.875,0.092094968,0.005,0.55172,0.25279933399999993
14,0.94291576,-0.0,0.875,0.089310522,0.005,0.58621,0.2519953959999999
15,0.94291576,-0.0,0.875,0.082667324,0.005,0.58621,0.25320501999999995
16,0.94291576,-0.0,0.875,0.08714960800000002,0.005,0.55172,0.25090000199999996
17,0.94291576,-0.0,0.875,0.09241757,0.005,0.62069,0.25339730199999994
18,0.94291576,-0.0,0.875,0.08667029600000002,0.005,0.55172,0.25254589799999994
19,0.94291576,-0.0,0.875,0.09131897,0.005,0.55172,0.25422981999999994
20,0.94291576,-0.0,0.875,0.08632289000000001,0.005,0.55172,0.25276678399999997
21,0.94291576,-0.0,0.875,0.087020412,0.005,0.62069,0.252481068
Best Pareto front
Generation,Hypervolume,error,gate fit
3,0.94291576,0.25,0.03448
3,0.94291576,0.25,0.03448
3,0.94291576,0.25,0.03448
3,0.94291576,0.25,0.03448
3,0.94291576,0.25,0.03448
3,0.94291576,0.25,0.03448
3,0.94291576,0.25,0.03448
3,0.94291576,0.75,0.005
3,0.94291576,0.75,0.005
3,0.94291576,0.75,0.005
3,0.94291576,0.75,0.005
3,0.94291576,0.75,0.005
3,0.94291576,0.75,0.005
3,0.94291576,0.75,0.005
3,0.94291576,0.75,0.005
3,0.94291576,0.75,0.005
3,0.94291576,0.125,0.06897
3,0.94291576,0.125,0.06897
3,0.94291576,-0.0,0.24138
Best fitness
Objective,Generation,Error
0,2,-0.0
1,2,0.005
Avg simulation runtime,Avg generation runtime
28.379545454545454,39.70954545454545
