Generation,Hypervolume,Min error,Max error,Avg error,Min gate fit,Max gate fit,Avg gate fit
0,0.4472406904999999,0.48232,1.0,0.835533202,0.05,1.0,0.4551010240000001
1,0.44921432570000003,0.48232,1.0,0.8084400939999999,0.05,1.0,0.423539004
2,0.5463996261,0.40501,1.0,0.790666134,0.05,1.0,0.392602844
3,0.6144769301999999,0.3204,0.91423,0.77314666,0.05,1.0,0.344292498
4,0.6145990969999999,0.3204,0.85137,0.75507873,0.05,1.0,0.324815706
5,0.6145990969999999,0.3204,0.83041,0.738318556,0.05,1.0,0.29491847400000004
6,0.6151522363999999,0.3204,0.82322,0.721841032,0.05,1.0,0.274402652
7,0.6216954475,0.3204,0.81072,0.702368436,0.05,1.0,0.251155252
8,0.6216954475,0.3204,0.79855,0.6863957679999999,0.05,1.0,0.22100354400000002
9,0.6217730348,0.3204,0.7827,0.667151956,0.05,1.0,0.203893198
10,0.6217730348,0.3204,0.7659,0.64964164,0.05,0.96552,0.183980756
Best Pareto front
Generation,Hypervolume,error,gate fit
11,0.6217730348,0.60478,0.06897
11,0.6217730348,0.3204,0.2069
11,0.6217730348,0.56916,0.10345
11,0.6217730348,0.32125,0.13793
11,0.6217730348,0.61395,0.05
Best fitness
Objective,Generation,Error
0,5,0.3204
1,2,0.05
Avg simulation runtime,Avg generation runtime
34.87909090909091,85.57272727272728
