Generation,Hypervolume,Min error,Max error,Avg error,Min gate fit,Max gate fit,Avg gate fit
0,0.39330878880000003,0.57124,1.0,0.8362663619999999,0.05,1.0,0.44795542400000005
1,0.4051531753,0.56453,1.0,0.807972454,0.05,1.0,0.41527075
2,0.5268314375999998,0.39853,1.0,0.788585264,0.05,1.0,0.374952502
3,0.5886957854999999,0.34951,0.92756,0.770197628,0.05,1.0,0.33096255799999996
4,0.5895019101,0.34951,0.85781,0.7514326339999999,0.05,1.0,0.299226474
5,0.5895138611999999,0.34951,0.83652,0.735281596,0.05,1.0,0.261653696
6,0.5895138611999999,0.34951,0.82323,0.719503612,0.05,1.0,0.22480267399999998
7,0.5895662219,0.34951,0.80986,0.695726252,0.05,1.0,0.212149966
8,0.5905111641999999,0.34951,0.78782,0.681836782,0.05,1.0,0.17208410600000001
9,0.6339911243999999,0.30483,0.77016,0.664146852,0.05,1.0,0.15670785
10,0.6339911243999999,0.30483,0.74966,0.638798094,0.05,1.0,0.16458219200000002
11,0.6341535251999999,0.30483,0.68179,0.624630772,0.05,1.0,0.161253348
Best Pareto front
Generation,Hypervolume,error,gate fit
13,0.6341535251999999,0.60791,0.05
13,0.6341535251999999,0.46715,0.10345
13,0.6341535251999999,0.30483,0.27586
13,0.6341535251999999,0.32937,0.17241
13,0.6341535251999999,0.38982,0.13793
13,0.6341535251999999,0.58346,0.06897
Best fitness
Objective,Generation,Error
0,11,0.30483
1,2,0.05
Avg simulation runtime,Avg generation runtime
35.119166666666665,77.985
