Generation,Hypervolume,Min error,Max error,Avg error,Min gate fit,Max gate fit,Avg gate fit
0,0.93860576,-0.0,0.875,0.487556056,0.005,0.89655,0.14772967200000003
1,0.93860576,-0.0,0.875,0.5295210020000001,0.005,0.86207,0.12090089600000001
2,0.94291576,-0.0,0.875,0.23135840600000002,0.005,0.86207,0.241102148
3,0.94291576,-0.0,0.875,0.138880106,0.005,0.7931,0.250688074
4,0.94291576,-0.0,0.875,0.0942902,0.005,0.51724,0.252520164
5,0.94291576,-0.0,0.875,0.08857767600000001,0.005,0.58621,0.25478164999999997
6,0.94291576,-0.0,0.875,0.08455613399999999,0.005,0.51724,0.25695457199999994
7,0.94291576,-0.0,0.875,0.07805625599999999,0.005,0.55172,0.2549378
8,0.94291576,-0.0,0.75,0.078830846,0.005,0.55172,0.25643527399999994
9,0.94291576,-0.0,0.875,0.081891836,0.005,0.55172,0.2563554599999999
10,0.94291576,-0.0,0.875,0.07944318,0.005,0.51724,0.2579137879999999
11,0.94291576,-0.0,0.875,0.077236862,0.005,0.58621,0.25811379199999995
12,0.94291576,-0.0,0.75,0.075178964,0.005,0.51724,0.25760923999999996
13,0.94291576,-0.0,0.875,0.078180746,0.005,0.55172,0.25732271599999995
14,0.94291576,-0.0,0.75,0.076222752,0.005,0.58621,0.25650602599999994
15,0.94291576,-0.0,0.875,0.083669002,0.005,0.51724,0.25546796199999994
16,0.94291576,-0.0,0.75,0.07705512200000002,0.005,0.55172,0.25855904999999996
17,0.94291576,-0.0,0.875,0.075509406,0.005,0.58621,0.25918269999999993
18,0.94291576,-0.0,0.875,0.07988776800000001,0.005,0.58621,0.2566500279999999
19,0.94291576,-0.0,0.75,0.077373304,0.005,0.55172,0.25855503399999996
20,0.94291576,-0.0,0.75,0.077386696,0.005,0.55172,0.2596801939999999
21,0.94291576,-0.0,0.75,0.08019769,0.005,0.55172,0.25682343999999996
22,0.94291576,-0.0,0.75,0.07405928999999999,0.005,0.58621,0.2609816239999999
23,0.94291576,-0.0,0.75,0.077401568,0.005,0.55172,0.2584558179999999
Best Pareto front
Generation,Hypervolume,error,gate fit
4,0.94291576,0.75,0.005
4,0.94291576,0.75,0.005
4,0.94291576,0.75,0.005
4,0.94291576,0.75,0.005
4,0.94291576,0.75,0.005
4,0.94291576,0.75,0.005
4,0.94291576,0.75,0.005
4,0.94291576,0.75,0.005
4,0.94291576,0.75,0.005
4,0.94291576,0.25,0.03448
4,0.94291576,0.25,0.03448
4,0.94291576,0.25,0.03448
4,0.94291576,0.25,0.03448
4,0.94291576,0.125,0.06897
4,0.94291576,-0.0,0.24138
Best fitness
Objective,Generation,Error
0,2,-0.0
1,2,0.005
Avg simulation runtime,Avg generation runtime
26.95875,36.834583333333335
