Generation,Hypervolume,Min error,Max error,Avg error,Min gate fit,Max gate fit,Avg gate fit
0,0.4463540708999999,0.51382,0.96136,0.8327861440000001,0.05,1.0,0.45536779399999994
1,0.4501804046999999,0.51382,1.0,0.803523884,0.05,1.0,0.42327206800000006
2,0.4501804046999999,0.51382,1.0,0.783636204,0.05,1.0,0.388704956
3,0.5367706633,0.37817,1.0,0.768008588,0.05,1.0,0.339090924
4,0.566575295,0.36959,0.90336,0.750783246,0.05,1.0,0.2989789
5,0.566575295,0.36959,0.84793,0.731460524,0.05,1.0,0.26618624799999996
6,0.5668056214,0.36959,0.82822,0.711970508,0.05,1.0,0.236232582
7,0.5671711093999999,0.36959,0.81811,0.693452056,0.05,1.0,0.19528688000000002
8,0.5672897205999999,0.36959,0.80479,0.676927928,0.05,1.0,0.16134014600000002
9,0.6158944515999999,0.32218,0.78443,0.6634553879999999,0.05,1.0,0.147022082
10,0.6158944515999999,0.32218,0.7587,0.6441408799999999,0.05,1.0,0.14909058800000002
11,0.6159517409999999,0.32218,0.7185,0.62133616,0.05,1.0,0.158024262
Best Pareto front
Generation,Hypervolume,error,gate fit
13,0.6159517409999999,0.46715,0.10345
13,0.6159517409999999,0.32218,0.2069
13,0.6159517409999999,0.5414,0.06897
13,0.6159517409999999,0.61655,0.05
Best fitness
Objective,Generation,Error
0,11,0.32218
1,2,0.05
Avg simulation runtime,Avg generation runtime
32.21833333333334,75.005
