Generation,Hypervolume,Min error,Max error,Avg error,Min gate fit,Max gate fit,Avg gate fit
0,0.4698240452999999,0.49336,1.0,0.8372814080000001,0.005,1.0,0.45090378000000003
1,0.4774150271,0.49109,1.0,0.81310299,0.005,1.0,0.42114859
2,0.4871082064,0.49109,1.0,0.7977218680000001,0.005,1.0,0.37417028999999996
3,0.4902785024,0.49109,1.0,0.7886078599999999,0.005,1.0,0.32276788800000006
4,0.5541873075,0.41665,1.0,0.775080934,0.005,1.0,0.27444046799999994
5,0.5541873075,0.41665,1.0,0.7643165059999999,0.005,1.0,0.23537905
6,0.5845674121,0.36584,1.0,0.759023022,0.005,1.0,0.18624769200000002
7,0.5896879891,0.36584,1.0,0.758349302,0.005,1.0,0.13356244199999998
8,0.5896879891,0.36584,0.94495,0.769583234,0.005,1.0,0.06645729
9,0.6055010588999999,0.34154,0.82555,0.747638378,0.005,1.0,0.065904748
10,0.6083160666999999,0.34154,0.81141,0.712763216,0.005,1.0,0.08734049599999999
11,0.6399467600999998,0.32125,0.79156,0.7068217,0.005,1.0,0.086796002
12,0.6400133848999998,0.32125,0.78141,0.669769042,0.005,1.0,0.11841485399999999
13,0.6786097826999998,0.27078,0.77853,0.6941335719999999,0.005,0.96552,0.06511623400000001
14,0.6787004913999998,0.27078,0.77152,0.7576713959999999,0.005,0.44828,0.010870494
15,0.6787004913999998,0.27078,0.77152,0.744689878,0.005,0.44828,0.016603349999999996
16,0.6787015257999998,0.27078,0.77152,0.719705388,0.005,0.44828,0.027586316
17,0.6787111829999998,0.27078,0.77152,0.67575303,0.005,0.48276,0.047538774
18,0.6787352758999998,0.27078,0.77152,0.60509629,0.005,0.58621,0.080760024
19,0.6801467423999998,0.27078,0.77043,0.523999042,0.005,0.58621,0.11950456199999998
Best Pareto front
Generation,Hypervolume,error,gate fit
21,0.6801467423999998,0.46715,0.10345
21,0.6801467423999998,0.32125,0.13793
21,0.6801467423999998,0.27078,0.24138
21,0.6801467423999998,0.76903,0.005
21,0.6801467423999998,0.30202,0.17241
21,0.6801467423999998,0.60478,0.03448
21,0.6801467423999998,0.52385,0.06897
Best fitness
Objective,Generation,Error
0,15,0.27078
1,2,0.005
Avg simulation runtime,Avg generation runtime
36.38,75.3475
