Generation,Hypervolume,Min error,Max error,Avg error,Min gate fit,Max gate fit,Avg gate fit
0,0.94291576,-0.0,0.875,0.48808566000000003,0.005,0.93103,0.144424578
1,0.94291576,-0.0,0.875,0.357187448,0.005,0.82759,0.153444776
2,0.94291576,-0.0,0.875,0.12951113,0.005,0.82759,0.24451617199999992
3,0.94291576,-0.0,0.875,0.133763812,0.005,0.82759,0.23793444999999994
4,0.94291576,-0.0,0.875,0.11101960400000001,0.005,0.82759,0.24544015999999996
5,0.94291576,-0.0,0.875,0.13235016,0.005,0.82759,0.23988202399999994
6,0.94291576,-0.0,0.875,0.128653534,0.005,0.82759,0.23899804599999996
7,0.94291576,-0.0,0.875,0.13559475199999999,0.005,0.82759,0.23663642799999998
8,0.94291576,-0.0,0.875,0.13935362199999998,0.005,0.82759,0.23502002799999996
9,0.94291576,-0.0,0.875,0.13579906600000002,0.005,0.82759,0.23786590399999996
10,0.94291576,-0.0,0.875,0.14110456400000002,0.005,0.82759,0.23711424399999997
11,0.94291576,-0.0,0.875,0.134697744,0.005,0.82759,0.23790416999999997
12,0.94291576,-0.0,0.875,0.131959078,0.005,0.82759,0.23900722599999993
13,0.94291576,-0.0,0.875,0.145155366,0.005,0.82759,0.23588007799999997
14,0.94291576,-0.0,0.875,0.13731230200000002,0.005,0.82759,0.23660707999999994
15,0.94291576,-0.0,0.875,0.13430350600000002,0.005,0.82759,0.23703440199999995
16,0.94291576,-0.0,0.875,0.132944472,0.005,0.82759,0.23703922999999996
17,0.94291576,-0.0,0.875,0.13711792,0.005,0.82759,0.23575678399999997
18,0.94291576,-0.0,0.875,0.139107706,0.005,0.82759,0.23612522999999996
19,0.94291576,-0.0,0.875,0.135413438,0.005,0.82759,0.23824777999999996
20,0.94291576,-0.0,0.875,0.139091884,0.005,0.82759,0.23588680199999998
21,0.94291576,-0.0,0.875,0.144414888,0.005,0.82759,0.23398464599999996
22,0.94291576,-0.0,0.875,0.13696437200000003,0.005,0.82759,0.23786478599999997
Best Pareto front
Generation,Hypervolume,error,gate fit
2,0.94291576,0.75,0.005
2,0.94291576,0.75,0.005
2,0.94291576,0.75,0.005
2,0.94291576,0.75,0.005
2,0.94291576,0.75,0.005
2,0.94291576,0.75,0.005
2,0.94291576,0.75,0.005
2,0.94291576,0.75,0.005
2,0.94291576,0.75,0.005
2,0.94291576,0.25,0.03448
2,0.94291576,0.25,0.03448
2,0.94291576,0.25,0.03448
2,0.94291576,0.25,0.03448
2,0.94291576,0.25,0.03448
2,0.94291576,0.25,0.03448
2,0.94291576,0.25,0.03448
2,0.94291576,0.125,0.06897
2,0.94291576,0.125,0.06897
2,0.94291576,0.125,0.06897
2,0.94291576,-0.0,0.24138
Best fitness
Objective,Generation,Error
0,2,-0.0
1,2,0.005
Avg simulation runtime,Avg generation runtime
27.483913043478264,38.21956521739131
