Generation,Hypervolume,Min error,Max error,Avg error,Min gate fit,Max gate fit,Avg gate fit
0,0.9065758680000001,0.01916,0.875,0.47566590599999997,0.005,0.7931,0.149831736
1,0.9083415,0.01916,0.875,0.627394844,0.005,0.75862,0.060677942000000006
2,0.9232730031,0.0148,0.875,0.657733954,0.005,0.7931,0.05021827800000001
3,0.9332652396,0.00102,0.875,0.677322112,0.005,0.7931,0.048871948
4,0.9377301930999999,0.00073,0.875,0.666029632,0.005,0.75862,0.054046281999999994
5,0.9382833046999999,0.0004,0.875,0.635466958,0.005,0.7931,0.06667376200000001
6,0.9428805903999999,0.0,0.875,0.590359918,0.005,0.7931,0.084499236
7,0.9429150704,0.0,0.875,0.5684638059999999,0.005,0.7931,0.09163275400000001
8,0.94291576,0.0,0.875,0.296248678,0.005,0.75862,0.19678226199999999
9,0.94722576,0.0,0.875,0.15264705600000003,0.005,0.65517,0.23810888199999994
10,0.94722576,0.0,0.875,0.097975784,0.005,0.51724,0.23577421999999998
11,0.94722576,0.0,0.875,0.06879026999999999,0.005,0.48276,0.22673980000000002
12,0.94722576,0.0,0.75,0.06412457399999999,0.005,0.48276,0.22063446200000003
13,0.94722576,0.0,0.875,0.055330758,0.005,0.48276,0.22222817200000003
14,0.94722576,0.0,0.75,0.057163322,0.005,0.44828,0.22255430800000003
15,0.94722576,0.0,0.75,0.059421496000000004,0.005,0.48276,0.22333846600000007
16,0.94722576,0.0,0.75,0.05810229600000001,0.005,0.44828,0.22226672600000003
17,0.94722576,0.0,0.75,0.05722895400000001,0.005,0.48276,0.22341336800000003
18,0.94722576,0.0,0.875,0.06729334000000001,0.005,0.48276,0.22344033800000002
19,0.94722576,0.0,0.875,0.061832518,0.005,0.44828,0.22115829600000003
20,0.94722576,0.0,0.875,0.06360310000000001,0.005,0.48276,0.221893422
Best Pareto front
Generation,Hypervolume,error,gate fit
11,0.94722576,0.75,0.005
11,0.94722576,0.75,0.005
11,0.94722576,0.75,0.005
11,0.94722576,0.75,0.005
11,0.94722576,0.75,0.005
11,0.94722576,0.75,0.005
11,0.94722576,0.75,0.005
11,0.94722576,0.75,0.005
11,0.94722576,0.25,0.03448
11,0.94722576,0.25,0.03448
11,0.94722576,0.25,0.03448
11,0.94722576,0.25,0.03448
11,0.94722576,0.25,0.03448
11,0.94722576,0.25,0.03448
11,0.94722576,0.25,0.03448
11,0.94722576,0.25,0.03448
11,0.94722576,0.125,0.06897
11,0.94722576,0.0,0.2069
Best fitness
Objective,Generation,Error
0,8,0.0
1,2,0.005
Avg simulation runtime,Avg generation runtime
28.901904761904753,41.231904761904765
