Generation,Hypervolume,Min error,Max error,Avg error,Min gate fit,Max gate fit,Avg gate fit
0,0.47089529319999995,0.46985,1.0,0.837493764,0.005,1.0,0.46128122400000005
1,0.49762656759999996,0.46985,1.0,0.8134087799999999,0.005,1.0,0.42277255999999996
2,0.49959042169999995,0.46985,1.0,0.798861312,0.005,1.0,0.365957028
3,0.5538267779,0.40422,1.0,0.7868594,0.005,1.0,0.318656042
4,0.5538267779,0.40422,1.0,0.7755363700000001,0.005,1.0,0.28294052000000003
5,0.5616253037000001,0.40422,1.0,0.7686176379999999,0.005,1.0,0.23775265200000004
6,0.5617699981000001,0.40422,0.91764,0.763420444,0.005,1.0,0.18803399199999998
7,0.5638363768000001,0.40422,0.84975,0.747848816,0.005,1.0,0.161456774
8,0.5641222160000001,0.40422,0.82619,0.7368824559999999,0.005,1.0,0.12932111999999998
9,0.5876888194000002,0.36835,0.81036,0.7219336139999999,0.005,1.0,0.11175578799999998
10,0.5876888194000002,0.36835,0.79752,0.716157816,0.005,1.0,0.09319908999999998
11,0.7897422988000001,0.09487,0.78661,0.7049925379999998,0.005,1.0,0.09628685
12,0.7897640275000001,0.09487,0.77586,0.7182622639999999,0.005,0.96552,0.052177716
13,0.7897640275000001,0.09487,0.77152,0.702836468,0.005,0.96552,0.060172637999999994
14,0.7939536926,0.09487,0.77152,0.656893376,0.005,0.96552,0.10066079400000001
15,0.7954370222,0.09487,0.77012,0.647707856,0.005,1.0,0.099722352
16,0.7961131770000001,0.09487,0.76956,0.6727207500000001,0.005,1.0,0.072080422
Best Pareto front
Generation,Hypervolume,error,gate fit
18,0.7961131770000001,0.46715,0.10345
18,0.7961131770000001,0.4074,0.17241
18,0.7961131770000001,0.76903,0.005
18,0.7961131770000001,0.43177,0.13793
18,0.7961131770000001,0.09487,0.27586
18,0.7961131770000001,0.34303,0.2069
18,0.7961131770000001,0.53345,0.06897
18,0.7961131770000001,0.33567,0.24138
18,0.7961131770000001,0.60498,0.03448
Best fitness
Objective,Generation,Error
0,13,0.09487
1,2,0.005
Avg simulation runtime,Avg generation runtime
38.970588235294116,89.08588235294118
