Generation,Hypervolume,Min error,Max error,Avg error,Min gate fit,Max gate fit,Avg gate fit
0,0.6088312083999999,0.31499,1.0,0.8366314119999999,0.05,1.0,0.45289131400000004
1,0.6118038359,0.31499,1.0,0.8091017319999999,0.05,1.0,0.422916918
2,0.6124389575,0.31499,1.0,0.78964068,0.05,1.0,0.39077867600000005
3,0.6166398071000001,0.31499,1.0,0.7756920979999999,0.05,1.0,0.34180518600000004
4,0.6172870564,0.31499,0.86161,0.7535060499999999,0.05,1.0,0.32034933
5,0.6182769772,0.31499,0.83424,0.73738474,0.05,1.0,0.289424526
6,0.6182769772,0.31499,0.82332,0.72160237,0.05,1.0,0.26002556400000004
7,0.6184173108,0.31499,0.81187,0.7035794759999999,0.05,1.0,0.239368476
8,0.6217987644,0.31499,0.79789,0.689928894,0.05,1.0,0.209418214
9,0.6224266452,0.31499,0.78661,0.67867861,0.05,1.0,0.17770855000000002
10,0.6227450559,0.31499,0.77167,0.663437712,0.05,1.0,0.16339714000000002
11,0.6229336615,0.31499,0.7527,0.644513286,0.05,1.0,0.15403961
12,0.6311375234000001,0.31022,0.69162,0.632179636,0.05,1.0,0.13905250800000002
13,0.6311661681,0.31022,0.65026,0.622736516,0.05,1.0,0.137736464
Best Pareto front
Generation,Hypervolume,error,gate fit
15,0.6311661681,0.5753,0.06897
15,0.6311661681,0.31022,0.17241
15,0.6311661681,0.32125,0.13793
15,0.6311661681,0.60693,0.05
Best fitness
Objective,Generation,Error
0,14,0.31022
1,2,0.05
Avg simulation runtime,Avg generation runtime
31.20928571428571,64.38428571428571
