Generation,Hypervolume,Min error,Max error,Avg error,Min gate fit,Max gate fit,Avg gate fit
0,0.38227826930000003,0.58763,1.0,0.8350689699999999,0.05,1.0,0.461186392
1,0.4189913344999999,0.5353,1.0,0.805819722,0.05,1.0,0.43248814999999996
2,0.5718959269,0.35109,1.0,0.785137462,0.05,1.0,0.39483199
3,0.5814283430999998,0.35109,1.0,0.7695951200000001,0.05,1.0,0.352457902
4,0.5887024514999999,0.35109,0.88773,0.752043232,0.05,1.0,0.318991774
5,0.5889545627999999,0.35109,0.84691,0.732302558,0.05,1.0,0.28880564599999997
6,0.5941282362999999,0.35109,0.82636,0.7152590619999999,0.05,1.0,0.24965400200000004
7,0.5955281187,0.35109,0.81587,0.696417174,0.05,1.0,0.219515818
8,0.732189225,0.18936,0.79797,0.6800971180000001,0.05,1.0,0.19046658000000002
9,0.732189225,0.18936,0.78268,0.668238664,0.05,1.0,0.16419285799999997
10,0.7322226122,0.18936,0.76926,0.6421124420000001,0.05,1.0,0.163613616
11,0.7323225841000001,0.18936,0.7347,0.6185042219999999,0.05,1.0,0.158178444
Best Pareto front
Generation,Hypervolume,error,gate fit
13,0.7323225841000001,0.46715,0.10345
13,0.7323225841000001,0.39167,0.13793
13,0.7323225841000001,0.58011,0.06897
13,0.7323225841000001,0.18936,0.17241
13,0.7323225841000001,0.60763,0.05
Best fitness
Objective,Generation,Error
0,10,0.18936
1,2,0.05
Avg simulation runtime,Avg generation runtime
33.94083333333334,76.12
