Generation,Hypervolume,Min error,Max error,Avg error,Min gate fit,Max gate fit,Avg gate fit
0,0.4335342165,0.52613,1.0,0.8366441860000001,0.05,1.0,0.45165118000000004
1,0.4339280509999999,0.52613,1.0,0.808284606,0.05,1.0,0.429911272
2,0.4366687387,0.52613,1.0,0.7886992540000001,0.05,1.0,0.4008596340000001
3,0.49800189910000003,0.46715,1.0,0.772861664,0.05,1.0,0.35159553
4,0.5077638919,0.45637,0.8746,0.753648192,0.05,1.0,0.327040144
5,0.5077638919,0.45637,0.84001,0.736074368,0.05,1.0,0.294805084
6,0.5406923399,0.41297,0.82449,0.718919746,0.05,1.0,0.26480516200000004
7,0.6169649491,0.32125,0.81368,0.699463768,0.05,1.0,0.227456646
8,0.6187358419,0.32125,0.79879,0.685256168,0.05,1.0,0.18734098000000002
9,0.6198100454,0.32125,0.78387,0.67394685,0.05,1.0,0.15562378
10,0.6208729711,0.32125,0.77076,0.65255441,0.05,1.0,0.157732708
11,0.6209795825,0.32125,0.75809,0.637977656,0.05,1.0,0.131987058
Best Pareto front
Generation,Hypervolume,error,gate fit
13,0.6209795825,0.46715,0.10345
13,0.6209795825,0.32125,0.2069
13,0.6209795825,0.38828,0.13793
13,0.6209795825,0.58068,0.06897
13,0.6209795825,0.60575,0.05
Best fitness
Objective,Generation,Error
0,9,0.32125
1,2,0.05
Avg simulation runtime,Avg generation runtime
33.785000000000004,76.4525
