Generation,Hypervolume,Min error,Max error,Avg error,Min gate fit,Max gate fit,Avg gate fit
0,0.4968878384,0.43477,1.0,0.8356803039999999,0.05,1.0,0.45220572000000003
1,0.5139660522,0.43477,1.0,0.807149712,0.05,1.0,0.422655098
2,0.5141568904,0.43477,1.0,0.789004032,0.05,1.0,0.38076621
3,0.5244012668,0.43477,0.9079,0.770844992,0.05,1.0,0.337005306
4,0.5244012668,0.43477,0.84615,0.751311112,0.05,1.0,0.312160518
5,0.5247470882999999,0.43477,0.82832,0.73511497,0.05,1.0,0.27229822400000003
6,0.5644365865000001,0.38906,0.81734,0.7161116519999999,0.05,1.0,0.249776834
7,0.6496968688000001,0.28643,0.80956,0.6986498720000001,0.05,1.0,0.22372482800000001
8,0.6496968688000001,0.28643,0.79386,0.6842883099999999,0.05,1.0,0.180369102
9,0.6496968688000001,0.28643,0.77905,0.66759304,0.05,1.0,0.16733565800000003
Best Pareto front
Generation,Hypervolume,error,gate fit
9,0.6496968688000001,0.46715,0.10345
9,0.6496968688000001,0.60681,0.05
9,0.6496968688000001,0.58038,0.06897
9,0.6496968688000001,0.28643,0.17241
9,0.6496968688000001,0.45803,0.13793
Best fitness
Objective,Generation,Error
0,9,0.28643
1,2,0.05
Avg simulation runtime,Avg generation runtime
36.046,93.354
