Generation,Hypervolume,Min error,Max error,Avg error,Min gate fit,Max gate fit,Avg gate fit
0,0.41696644450000003,0.51138,0.95354,0.834762186,0.05,1.0,0.45790681400000005
1,0.4426743113,0.49551,1.0,0.806754476,0.05,1.0,0.42902898600000006
2,0.456450479,0.49551,1.0,0.787341992,0.05,1.0,0.396624594
3,0.4638988231999999,0.48584,1.0,0.773602098,0.05,1.0,0.338478056
4,0.5011233845,0.45124,0.86452,0.752522344,0.05,1.0,0.30987059200000006
5,0.5011245227000001,0.45124,0.83668,0.735907566,0.05,1.0,0.27498689
6,0.5014080011000001,0.45124,0.82425,0.722231696,0.05,1.0,0.23354827799999997
7,0.5017800403,0.45124,0.81085,0.701356314,0.05,1.0,0.21939703
8,0.5524613096,0.37277,0.79627,0.684773442,0.05,1.0,0.186701242
9,0.5696017756999999,0.37277,0.78466,0.670330406,0.05,1.0,0.161389552
10,0.5773550642999999,0.37277,0.77075,0.657348038,0.05,0.89655,0.14404706
Best Pareto front
Generation,Hypervolume,error,gate fit
12,0.5773550642999999,0.37277,0.37931
12,0.5773550642999999,0.40501,0.13793
12,0.5773550642999999,0.54597,0.06897
12,0.5773550642999999,0.37793,0.17241
12,0.5773550642999999,0.61252,0.05
Best fitness
Objective,Generation,Error
0,10,0.37277
1,2,0.05
Avg simulation runtime,Avg generation runtime
34.99545454545455,84.39454545454547
