Generation,Hypervolume,Min error,Max error,Avg error,Min gate fit,Max gate fit,Avg gate fit
0,0.46934546990000003,0.46421,1.0,0.8367792140000001,0.05,1.0,0.45179088599999995
1,0.4827795491,0.45306,1.0,0.8093063859999999,0.05,1.0,0.42350062200000005
2,0.5607702972999999,0.36874,1.0,0.792525716,0.05,1.0,0.374951026
3,0.5746151384999999,0.36424,0.87983,0.7721127000000001,0.05,1.0,0.336682052
4,0.5760891029999999,0.36424,0.83993,0.752886592,0.05,1.0,0.31510931799999997
5,0.6451796468,0.27162,0.82608,0.73711381,0.05,1.0,0.295311766
6,0.6454872670999999,0.27162,0.81182,0.7187855639999999,0.05,1.0,0.279883572
7,0.7011201949,0.19507,0.78977,0.7033049339999999,0.05,1.0,0.253489732
8,0.7071360828999999,0.18759,0.78315,0.6874194680000001,0.05,1.0,0.220085728
9,0.7247427988999999,0.17345,0.77557,0.6726509420000001,0.05,1.0,0.183046056
10,0.7276677175999999,0.17345,0.76993,0.6556165199999999,0.05,1.0,0.172963544
Best Pareto front
Generation,Hypervolume,error,gate fit
12,0.7276677175999999,0.46715,0.10345
12,0.7276677175999999,0.60488,0.05
12,0.7276677175999999,0.58058,0.06897
12,0.7276677175999999,0.19881,0.24138
12,0.7276677175999999,0.17345,0.27586
12,0.7276677175999999,0.44735,0.13793
12,0.7276677175999999,0.39188,0.17241
Best fitness
Objective,Generation,Error
0,11,0.17345
1,2,0.05
Avg simulation runtime,Avg generation runtime
33.89909090909091,85.23
