Generation,Hypervolume,Min error,Max error,Avg error,Min gate fit,Max gate fit,Avg gate fit
0,0.9213117411,4e-05,0.875,0.494508532,0.005,0.7931,0.152785302
1,0.9225006114999998,4e-05,0.875,0.626595678,0.005,0.68966,0.072596076
2,0.9311706219,0.0,0.875,0.483871292,0.005,0.68966,0.190551858
3,0.9342943804,0.0,0.875,0.375696184,0.005,0.65517,0.25453602200000003
4,0.93860576,0.0,0.875,0.225387464,0.005,0.62069,0.3198007
5,0.93860576,0.0,0.875,0.211535866,0.005,0.72414,0.296778156
6,0.9460734383999998,0.0,0.875,0.139154784,0.005,0.65517,0.304624554
7,0.9460734383999998,0.0,0.875,0.098297956,0.005,0.62069,0.29381968799999997
8,0.9460734383999998,0.0,0.875,0.085347292,0.005,0.62069,0.28927934599999994
9,0.9460734383999998,0.0,0.875,0.079984736,0.005,0.62069,0.28984367
10,0.9460734383999998,0.0,0.875,0.07948684599999999,0.005,0.62069,0.287467302
11,0.9460734383999998,0.0,0.875,0.07996334000000001,0.005,0.62069,0.288900794
12,0.9460734383999998,0.0,0.875,0.07430955999999998,0.005,0.62069,0.28814709799999993
13,0.9460734383999998,0.0,0.875,0.08333898,0.005,0.62069,0.28703705599999996
14,0.9460734383999998,0.0,0.875,0.08483216199999999,0.005,0.62069,0.285912104
15,0.9460734383999998,0.0,0.875,0.086594526,0.005,0.62069,0.28620166399999997
16,0.9460734383999998,0.0,0.875,0.084640486,0.005,0.62069,0.28582166999999997
17,0.9460734383999998,0.0,0.875,0.092039948,0.005,0.55172,0.28269885
18,0.9460734383999998,0.0,0.875,0.09917284400000001,0.005,0.58621,0.28063732199999997
Best Pareto front
Generation,Hypervolume,error,gate fit
8,0.9460734383999998,0.75,0.005
8,0.9460734383999998,0.75,0.005
8,0.9460734383999998,0.75,0.005
8,0.9460734383999998,0.75,0.005
8,0.9460734383999998,0.75,0.005
8,0.9460734383999998,0.75,0.005
8,0.9460734383999998,0.75,0.005
8,0.9460734383999998,0.75,0.005
8,0.9460734383999998,0.25,0.03448
8,0.9460734383999998,0.25,0.03448
8,0.9460734383999998,0.25,0.03448
8,0.9460734383999998,0.25,0.03448
8,0.9460734383999998,0.25,0.03448
8,0.9460734383999998,0.125,0.06897
8,0.9460734383999998,0.125,0.06897
8,0.9460734383999998,0.125,0.06897
8,0.9460734383999998,0.0,0.27586
8,0.9460734383999998,0.0,0.27586
8,0.9460734383999998,0.01671,0.2069
Best fitness
Objective,Generation,Error
0,4,0.0
1,2,0.005
Avg simulation runtime,Avg generation runtime
32.96947368421053,47.107894736842105
