Generation,Hypervolume,Min error,Max error,Avg error,Min gate fit,Max gate fit,Avg gate fit
0,0.46243993130000005,0.4828,0.99857,0.836863206,0.05,1.0,0.452009188
1,0.4648370793,0.4828,1.0,0.8132218939999999,0.05,1.0,0.41948691200000005
2,0.4679164581,0.4828,1.0,0.796698452,0.05,1.0,0.381849782
3,0.5020476005,0.46255,1.0,0.7854514180000001,0.05,1.0,0.336910212
4,0.5020476005,0.46255,0.94014,0.775436318,0.05,1.0,0.28877987000000005
5,0.502646588,0.46255,0.8608,0.7590925119999999,0.05,1.0,0.25845851000000003
6,0.5172256040000001,0.44417,0.83663,0.7461260999999999,0.05,1.0,0.231749244
Best Pareto front
Generation,Hypervolume,error,gate fit
8,0.5172256040000001,0.46715,0.10345
8,0.5172256040000001,0.60481,0.05
8,0.5172256040000001,0.44417,0.2069
Best fitness
Objective,Generation,Error
0,8,0.44417
1,2,0.05
Avg simulation runtime,Avg generation runtime
43.377142857142864,137.89285714285714
