Generation,Hypervolume,Min error,Max error,Avg error,Min gate fit,Max gate fit,Avg gate fit
0,0.9240138974999998,0.00267,0.875,0.501198534,0.005,0.7931,0.11166380000000002
1,0.9339488470999999,0.00011,0.875,0.48410820399999993,0.005,1.0,0.11956216
2,0.9342854140999999,0.0,0.875,0.23602291800000003,0.005,0.7931,0.24580068000000002
3,0.9342957599999999,0.0,0.875,0.17635886,0.005,0.82759,0.27483417600000004
4,0.9342957599999999,0.0,0.875,0.158064142,0.005,0.75862,0.273190988
5,0.9342957599999999,0.0,0.875,0.0838928,0.005,0.58621,0.305261224
6,0.9342957599999999,0.0,0.875,0.042583676,0.005,0.44828,0.30333882
7,0.9342957599999999,0.0,0.875,0.028208640000000004,0.005,0.44828,0.308172692
8,0.9342957599999999,0.0,0.875,0.031381386000000004,0.005,0.48276,0.30824771200000006
9,0.9342957599999999,0.0,0.875,0.027657170000000002,0.005,0.51724,0.30825453
10,0.9342957599999999,0.0,0.875,0.027917045999999997,0.005,0.44828,0.30799736000000005
11,0.9342957599999999,0.0,0.875,0.030614482000000005,0.005,0.48276,0.30820718
12,0.93860576,0.0,0.875,0.031547576,0.005,0.48276,0.30837776200000006
13,0.93860576,0.0,0.875,0.048211964,0.005,0.44828,0.30220080200000005
14,0.93860576,0.0,0.875,0.061328294000000005,0.005,0.44828,0.29855780600000004
15,0.93860576,0.0,0.875,0.06998033000000001,0.005,0.48276,0.287322772
16,0.93860576,0.0,0.875,0.046427846,0.005,0.48276,0.27651353799999995
17,0.93860576,0.0,0.875,0.032702346,0.005,0.48276,0.27672006999999993
18,0.93860576,0.0,0.875,0.035068310000000005,0.005,0.44828,0.2758915599999999
19,0.93860576,0.0,0.875,0.031690553999999996,0.005,0.48276,0.27706386799999994
20,0.93860576,0.0,0.875,0.034614828,0.005,0.48276,0.27661551399999995
21,0.93860576,0.0,0.875,0.03913875000000001,0.005,0.48276,0.275532974
22,0.93860576,0.0,0.875,0.028350900000000002,0.005,0.48276,0.27708843799999994
23,0.93860576,0.0,0.875,0.036599482,0.005,0.48276,0.27594077
Best Pareto front
Generation,Hypervolume,error,gate fit
14,0.93860576,0.25,0.03448
14,0.93860576,0.25,0.03448
14,0.93860576,0.25,0.03448
14,0.93860576,0.25,0.03448
14,0.93860576,0.25,0.03448
14,0.93860576,0.25,0.03448
14,0.93860576,0.75,0.005
14,0.93860576,0.75,0.005
14,0.93860576,0.75,0.005
14,0.93860576,0.75,0.005
14,0.93860576,0.75,0.005
14,0.93860576,0.75,0.005
14,0.93860576,0.125,0.06897
14,0.93860576,0.0,0.27586
Best fitness
Objective,Generation,Error
0,4,0.0
1,2,0.005
Avg simulation runtime,Avg generation runtime
45.454583333333325,61.21958333333333
