Generation,Hypervolume,Min error,Max error,Avg error,Min gate fit,Max gate fit,Avg gate fit
0,0.94291576,-0.0,0.875,0.4809778759999999,0.005,0.82759,0.159388088
1,0.94291576,-0.0,0.875,0.359726568,0.005,0.72414,0.179429548
2,0.94291576,-0.0,0.875,0.11680093800000002,0.005,0.75862,0.247062262
3,0.94291576,-0.0,0.75,0.08294395400000001,0.005,0.65517,0.24739683599999993
4,0.94291576,-0.0,0.75,0.07916039799999999,0.005,0.65517,0.25048395599999995
5,0.94291576,-0.0,0.75,0.07664046,0.005,0.65517,0.25034900199999993
6,0.94291576,-0.0,0.75,0.075574666,0.005,0.65517,0.25016872599999995
7,0.94291576,-0.0,0.75,0.071544688,0.005,0.65517,0.24934703999999994
8,0.94291576,-0.0,0.75,0.075700314,0.005,0.68966,0.2501686919999999
9,0.94291576,-0.0,0.75,0.07527415,0.005,0.65517,0.2504228639999999
10,0.94291576,-0.0,0.75,0.075521614,0.005,0.65517,0.2501529559999999
11,0.94291576,-0.0,0.75,0.078324324,0.005,0.65517,0.25029286399999995
12,0.94291576,-0.0,0.75,0.07592354400000001,0.005,0.65517,0.250178486
13,0.94291576,-0.0,0.75,0.071945674,0.005,0.65517,0.24920322199999995
14,0.94291576,-0.0,0.75,0.076020998,0.005,0.65517,0.25017461799999996
15,0.94291576,-0.0,0.75,0.072503516,0.005,0.65517,0.25017260799999996
16,0.94291576,-0.0,0.875,0.07764961999999999,0.005,0.65517,0.25060115199999994
17,0.94291576,-0.0,0.75,0.07084415000000001,0.005,0.65517,0.24956082799999996
18,0.94291576,-0.0,0.75,0.07398781799999998,0.005,0.65517,0.24980712399999994
19,0.94291576,-0.0,0.75,0.076328808,0.005,0.65517,0.25032432199999993
20,0.94291576,-0.0,0.75,0.07405765399999999,0.005,0.65517,0.24985838799999996
Best Pareto front
Generation,Hypervolume,error,gate fit
2,0.94291576,0.75,0.005
2,0.94291576,0.75,0.005
2,0.94291576,0.75,0.005
2,0.94291576,0.75,0.005
2,0.94291576,0.75,0.005
2,0.94291576,0.75,0.005
2,0.94291576,0.75,0.005
2,0.94291576,0.75,0.005
2,0.94291576,0.75,0.005
2,0.94291576,0.75,0.005
2,0.94291576,0.25,0.03448
2,0.94291576,0.25,0.03448
2,0.94291576,0.25,0.03448
2,0.94291576,0.25,0.03448
2,0.94291576,0.25,0.03448
2,0.94291576,0.25,0.03448
2,0.94291576,0.25,0.03448
2,0.94291576,-0.0,0.24138
2,0.94291576,-0.0,0.24138
2,0.94291576,0.125,0.06897
Best fitness
Objective,Generation,Error
0,2,-0.0
1,2,0.005
Avg simulation runtime,Avg generation runtime
29.50666666666667,40.79333333333334
