Generation,Hypervolume,Min error,Max error,Avg error,Min gate fit,Max gate fit,Avg gate fit
0,0.4478000753,0.51387,1.0,0.8353490160000001,0.05,1.0,0.44525543400000006
1,0.4772783860999999,0.45866,1.0,0.808042054,0.05,1.0,0.41090414000000003
2,0.4782433656999999,0.45866,1.0,0.7897954739999999,0.05,1.0,0.363367622
3,0.5022031254999999,0.44429,0.88244,0.7704683339999999,0.05,1.0,0.323352116
4,0.5060888203999998,0.44429,0.83589,0.751388442,0.05,1.0,0.303268366
5,0.5298560012,0.41339,0.82402,0.7352488719999999,0.05,1.0,0.274130144
6,0.5327148086000001,0.41339,0.81435,0.7163273,0.05,1.0,0.260952014
7,0.5464231073000001,0.39712,0.798,0.6998709999999999,0.05,1.0,0.229133154
8,0.5633139912,0.36922,0.78661,0.683932062,0.05,1.0,0.18895561
9,0.6153140238999998,0.30288,0.77331,0.667253652,0.05,1.0,0.16215150600000003
Best Pareto front
Generation,Hypervolume,error,gate fit
11,0.6153140238999998,0.41339,0.24138
11,0.6153140238999998,0.57515,0.06897
11,0.6153140238999998,0.48278,0.13793
11,0.6153140238999998,0.30288,0.31034
11,0.6153140238999998,0.52736,0.10345
11,0.6153140238999998,0.3551,0.27586
11,0.6153140238999998,0.60679,0.05
Best fitness
Objective,Generation,Error
0,11,0.30288
1,2,0.05
Avg simulation runtime,Avg generation runtime
36.959999999999994,90.834
