Generation,Hypervolume,Min error,Max error,Avg error,Min gate fit,Max gate fit,Avg gate fit
0,0.5174163742000001,0.42563,1.0,0.83746679,0.05,1.0,0.440286442
1,0.5257801328,0.42563,1.0,0.8124605260000001,0.05,1.0,0.40549408400000003
2,0.5287695238000001,0.42563,1.0,0.796635492,0.05,1.0,0.363911406
3,0.5294818473,0.42563,0.93172,0.784409412,0.05,1.0,0.319477276
4,0.5607864396,0.39178,0.85722,0.768914694,0.05,1.0,0.281377014
5,0.5646382003999999,0.39178,0.8342,0.7557379839999999,0.05,1.0,0.25682878
6,0.5646382003999999,0.39178,0.82466,0.743788608,0.05,1.0,0.232768458
Best Pareto front
Generation,Hypervolume,error,gate fit
7,0.5646382003999999,0.57886,0.06897
7,0.5646382003999999,0.61726,0.05
7,0.5646382003999999,0.39178,0.13793
7,0.5646382003999999,0.46715,0.10345
Best fitness
Objective,Generation,Error
0,6,0.39178
1,2,0.05
Avg simulation runtime,Avg generation runtime
44.199999999999996,137.57285714285715
