Generation,Hypervolume,Min error,Max error,Avg error,Min gate fit,Max gate fit,Avg gate fit
0,0.4834936081000001,0.46715,1.0,0.8361921719999998,0.05,1.0,0.4567252680000001
1,0.48838718490000005,0.46715,1.0,0.8128393899999999,0.05,1.0,0.42909604
2,0.4893456951000001,0.46715,1.0,0.7982527599999999,0.05,1.0,0.3899272
3,0.4903049287000001,0.46715,1.0,0.7893954980000001,0.05,1.0,0.337804824
4,0.4991439116,0.46715,0.87654,0.77188262,0.05,1.0,0.306366964
5,0.4991780468,0.46715,0.84404,0.7572975239999999,0.05,1.0,0.273982892
6,0.4991780468,0.46715,0.82707,0.744389142,0.05,1.0,0.248212862
Best Pareto front
Generation,Hypervolume,error,gate fit
7,0.4991780468,0.46715,0.10345
7,0.4991780468,0.60709,0.05
7,0.4991780468,0.59833,0.06897
Best fitness
Objective,Generation,Error
0,2,0.46715
1,2,0.05
Avg simulation runtime,Avg generation runtime
45.52428571428572,141.15571428571428
