Generation,Hypervolume,Min error,Max error,Avg error,Min gate fit,Max gate fit,Avg gate fit
0,0.44214266769999994,0.50536,1.0,0.8369597040000001,0.05,1.0,0.43640306600000006
1,0.4470071048999999,0.50536,1.0,0.808366352,0.05,1.0,0.40649455400000006
2,0.4579507538,0.49129,1.0,0.789895648,0.05,1.0,0.36698114800000003
3,0.4584533894,0.49129,0.94017,0.7734033260000001,0.05,1.0,0.322515288
4,0.48046466000000004,0.46515,0.84826,0.753972166,0.05,1.0,0.30001880000000003
5,0.49990278290000006,0.46515,0.83185,0.738402492,0.05,1.0,0.26810650399999997
6,0.5009357524000001,0.46515,0.82113,0.72122395,0.05,1.0,0.249401408
7,0.5009609825000001,0.46515,0.81098,0.705223604,0.05,1.0,0.22448356800000002
8,0.5254418697000001,0.42779,0.797,0.691552392,0.05,1.0,0.19171838800000002
9,0.5296103246000001,0.42779,0.78661,0.67932492,0.05,1.0,0.161674956
10,0.5296171538000001,0.42779,0.76903,0.6621746159999999,0.05,1.0,0.150467202
Best Pareto front
Generation,Hypervolume,error,gate fit
12,0.5296171538000001,0.46715,0.10345
12,0.5296171538000001,0.57537,0.06897
12,0.5296171538000001,0.42779,0.34483
12,0.5296171538000001,0.43016,0.24138
12,0.5296171538000001,0.60554,0.05
Best fitness
Objective,Generation,Error
0,10,0.42779
1,2,0.05
Avg simulation runtime,Avg generation runtime
34.099999999999994,82.78272727272727
