Generation,Hypervolume,Min error,Max error,Avg error,Min gate fit,Max gate fit,Avg gate fit
0,0.4616524724,0.48688,1.0,0.8362761540000001,0.005,1.0,0.4560278039999999
1,0.4972712982000001,0.4642,1.0,0.8122336259999999,0.005,1.0,0.426365312
2,0.4990127723,0.4642,1.0,0.798102436,0.005,1.0,0.38123842999999996
3,0.504701615,0.4642,1.0,0.789364336,0.005,1.0,0.324991226
4,0.6077717739,0.3242,1.0,0.772712054,0.005,1.0,0.2935446
5,0.6092677499,0.3242,1.0,0.763959094,0.005,1.0,0.24409880400000003
6,0.6092767173,0.3242,1.0,0.758626164,0.005,1.0,0.197253798
7,0.6092767173,0.3242,1.0,0.763064326,0.005,1.0,0.127234382
8,0.611293259,0.3242,0.85094,0.746488378,0.005,1.0,0.08596694399999999
9,0.6194332974000001,0.3242,0.8242,0.7346777399999999,0.005,0.89655,0.06679857
10,0.6233714368000001,0.3242,0.80418,0.712116408,0.005,0.86207,0.079311032
11,0.6469022169000002,0.30469,0.78661,0.70555457,0.005,0.86207,0.087526272
12,0.6668983593000001,0.2757,0.77152,0.699690352,0.005,0.7931,0.066146506
13,0.6698939817000001,0.2757,0.77152,0.6499439439999999,0.005,0.7931,0.11090046199999999
14,0.670836732,0.2757,0.76995,0.63259416,0.005,0.62069,0.109248848
15,0.670836732,0.2757,0.76972,0.666593276,0.005,0.62069,0.07709156599999999
16,0.6711871304,0.2752,0.76936,0.70199978,0.005,0.62069,0.043038276
17,0.6727333257,0.2752,0.76935,0.68070265,0.005,0.62069,0.05507182
18,0.6944341321,0.24216,0.76914,0.7411154959999999,0.005,0.55172,0.016287902000000003
19,0.6945365674,0.24216,0.76905,0.7551561000000001,0.005,0.34483,0.009941644000000003
20,0.6945531178000001,0.24216,0.76903,0.768089418,0.005,0.34483,0.005428378
Best Pareto front
Generation,Hypervolume,error,gate fit
22,0.6945531178000001,0.76903,0.005
22,0.6945531178000001,0.24216,0.34483
22,0.6945531178000001,0.28677,0.17241
22,0.6945531178000001,0.38822,0.13793
22,0.6945531178000001,0.27246,0.31034
22,0.6945531178000001,0.60523,0.03448
22,0.6945531178000001,0.57936,0.06897
22,0.6945531178000001,0.46715,0.10345
Best fitness
Objective,Generation,Error
0,20,0.24216
1,2,0.005
Avg simulation runtime,Avg generation runtime
34.50095238095239,72.71047619047621
