Generation,Hypervolume,Min error,Max error,Avg error,Min gate fit,Max gate fit,Avg gate fit
0,0.9254450231000001,3e-05,0.875,0.491341468,0.005,0.93103,0.141750068
1,0.9255284889000001,3e-05,0.875,0.597252512,0.005,0.96552,0.07250613
2,0.9256681726,1e-05,0.875,0.47511624199999997,0.005,0.93103,0.144942414
3,0.9256688623999999,1e-05,0.875,0.392635136,0.005,0.93103,0.173922716
4,0.9256754151000001,0.0,0.875,0.22907069199999996,0.005,0.65517,0.24724205400000002
5,0.92998576,0.0,0.875,0.109218572,0.005,0.65517,0.294970444
6,0.92998576,0.0,0.875,0.112728834,0.005,0.62069,0.28826366
7,0.9305795056,0.0,0.875,0.05991475199999999,0.005,0.62069,0.306670656
8,0.9305795056,0.0,0.875,0.046412356,0.005,0.44828,0.305927522
9,0.9305795056,0.0,0.875,0.03896135,0.005,0.44828,0.31124185800000004
10,0.9305795056,0.0,0.875,0.034964938,0.005,0.44828,0.311491128
11,0.9305795056,0.0,0.875,0.03516618,0.005,0.44828,0.311507816
12,0.9305795056,0.0,0.875,0.035619938000000004,0.005,0.44828,0.31156394200000004
13,0.9305795056,0.0,0.875,0.035385852,0.005,0.44828,0.310733586
14,0.9305795056,0.0,0.875,0.039867112,0.005,0.44828,0.30930039800000003
15,0.9305795056,0.0,0.875,0.040965537999999996,0.005,0.41379,0.30791355400000003
16,0.9305795056,0.0,0.75,0.042299896,0.005,0.41379,0.30715578600000004
17,0.9305795056,0.0,0.875,0.049917082,0.005,0.41379,0.30675610400000003
18,0.9305795056,0.0,0.875,0.048636582,0.005,0.44828,0.305877306
19,0.9305795056,0.0,0.875,0.09868449800000001,0.005,0.41379,0.283497738
20,0.9305795056,0.0,0.875,0.079071682,0.005,0.41379,0.29200925800000005
21,0.9305795056,0.0,0.875,0.06426006599999998,0.005,0.41379,0.29861944199999996
Best Pareto front
Generation,Hypervolume,error,gate fit
9,0.9305795056,0.75,0.005
9,0.9305795056,0.75,0.005
9,0.9305795056,0.75,0.005
9,0.9305795056,0.75,0.005
9,0.9305795056,0.75,0.005
9,0.9305795056,0.75,0.005
9,0.9305795056,0.75,0.005
9,0.9305795056,0.25,0.03448
9,0.9305795056,0.25,0.03448
9,0.9305795056,0.25,0.03448
9,0.9305795056,0.25,0.03448
9,0.9305795056,0.25,0.03448
9,0.9305795056,0.0,0.31034
9,0.9305795056,0.0,0.31034
9,0.9305795056,0.125,0.10345
9,0.9305795056,0.125,0.10345
9,0.9305795056,0.11639,0.24138
Best fitness
Objective,Generation,Error
0,6,0.0
1,2,0.005
Avg simulation runtime,Avg generation runtime
28.030909090909088,39.538636363636364
