Generation,Hypervolume,Min error,Max error,Avg error,Min gate fit,Max gate fit,Avg gate fit
0,0.5089491047000001,0.4335,1.0,0.8372378919999999,0.005,1.0,0.44662789599999997
1,0.5106795522,0.4335,1.0,0.8140863380000001,0.005,1.0,0.4106678180000001
2,0.5302445922,0.4103,1.0,0.800756624,0.005,1.0,0.36955291800000006
3,0.5333293218999999,0.4103,1.0,0.78945896,0.005,1.0,0.321232042
4,0.5336036343999999,0.4103,1.0,0.7760324479999999,0.005,1.0,0.28712663000000005
5,0.5336036343999999,0.4103,1.0,0.7687103080000001,0.005,1.0,0.237969
6,0.5396300497,0.4103,1.0,0.765232748,0.005,1.0,0.182835046
7,0.5397500329,0.4103,0.91607,0.760492912,0.005,1.0,0.12004874199999999
8,0.6568378425,0.25985,0.83668,0.744172666,0.005,1.0,0.08514375799999999
9,0.6568406017,0.25985,0.82101,0.721610824,0.005,1.0,0.08886790800000001
10,0.6613839962,0.25985,0.79015,0.696079412,0.005,1.0,0.096803232
11,0.6746204596999998,0.25985,0.77211,0.676115154,0.005,1.0,0.109400876
12,0.675312252,0.25985,0.77103,0.653254142,0.005,1.0,0.12945473999999998
13,0.675312252,0.25985,0.77056,0.6493120800000001,0.005,1.0,0.152032416
14,0.675312252,0.25985,0.76989,0.661890538,0.005,0.82759,0.09634129000000001
15,0.6783377398,0.25985,0.76966,0.6623609480000001,0.005,0.89655,0.08730980399999999
16,0.6783377398,0.25985,0.76935,0.701756056,0.005,0.58621,0.051320898
17,0.6813168118,0.25985,0.76913,0.744929212,0.005,0.41379,0.017447158
18,0.6819636801000001,0.25985,0.76904,0.763327018,0.005,0.27586,0.007390974
19,0.6822398652,0.25985,0.76903,0.7679872600000001,0.005,0.27586,0.005427379999999999
20,0.6822398652,0.25985,0.76903,0.7678573280000001,0.005,0.27586,0.0054805520000000005
Best Pareto front
Generation,Hypervolume,error,gate fit
21,0.6822398652,0.76903,0.005
21,0.6822398652,0.25985,0.27586
21,0.6822398652,0.60499,0.03448
21,0.6822398652,0.56814,0.06897
21,0.6822398652,0.46715,0.10345
21,0.6822398652,0.28341,0.24138
21,0.6822398652,0.38982,0.13793
21,0.6822398652,0.35457,0.17241
21,0.6822398652,0.29263,0.2069
Best fitness
Objective,Generation,Error
0,10,0.25985
1,2,0.005
Avg simulation runtime,Avg generation runtime
34.008095238095244,71.73904761904762
