Generation,Hypervolume,Min error,Max error,Avg error,Min gate fit,Max gate fit,Avg gate fit
0,0.4429321391999999,0.502,1.0,0.833025218,0.06897,1.24138,0.29074491799999996
1,0.4478787776,0.5,1.0,0.8057595900000001,0.06897,1.2069,0.23869044199999997
2,0.4480825741,0.5,1.0,0.786947878,0.06897,1.41379,0.19347057199999998
3,0.452728113,0.5,1.0,0.777325824,0.06897,1.2069,0.180125874
4,0.452728113,0.5,1.0,0.772249198,0.06897,1.2069,0.18048438800000002
5,0.452728113,0.5,1.0,0.761923466,0.06897,1.2069,0.184966834
6,0.452728113,0.5,1.0,0.751203644,0.06897,1.2069,0.19117330000000002
7,0.452728113,0.5,1.0,0.74736585,0.06897,1.2069,0.190911184
8,0.452728113,0.5,1.0,0.745561948,0.06897,1.2069,0.19302150999999998
9,0.452728113,0.5,1.0,0.7431555780000001,0.06897,1.2069,0.190635266
10,0.452728113,0.5,1.0,0.740869766,0.06897,1.2069,0.19125591399999997
11,0.452728113,0.5,1.0,0.742572814,0.06897,1.2069,0.192835268
12,0.452728113,0.5,1.0,0.740335166,0.06897,1.2069,0.19099384
13,0.452728113,0.5,1.0,0.7372334700000001,0.06897,1.2069,0.19144905200000004
14,0.452728113,0.5,1.0,0.7385072040000001,0.06897,1.2069,0.19242139800000002
15,0.452728113,0.5,1.0,0.7373498940000001,0.06897,1.2069,0.19243521800000002
16,0.452728113,0.5,1.0,0.7368079900000001,0.06897,1.2069,0.19298690400000001
17,0.452728113,0.5,1.0,0.7376516,0.06897,1.34483,0.192393804
18,0.452728113,0.5,1.0,0.7360252780000001,0.06897,1.2069,0.19162833800000004
19,0.452728113,0.5,1.0,0.7383886260000001,0.06897,1.41379,0.19355934200000002
20,0.452728113,0.5,1.0,0.7359137119999999,0.06897,1.2069,0.192917962
21,0.452728113,0.5,1.0,0.7368291419999999,0.06897,1.2069,0.192924876
22,0.452728113,0.5,1.0,0.73574096,0.06897,1.2069,0.19220074
Best Pareto front
Generation,Hypervolume,error,gate fit
5,0.452728113,0.75,0.06897
5,0.452728113,0.75,0.06897
5,0.452728113,0.75,0.06897
5,0.452728113,0.75,0.06897
5,0.452728113,0.75,0.06897
5,0.452728113,0.75,0.06897
5,0.452728113,0.75,0.06897
5,0.452728113,0.75,0.06897
5,0.452728113,0.75,0.06897
5,0.452728113,0.75,0.06897
5,0.452728113,0.75,0.06897
5,0.452728113,0.75,0.06897
5,0.452728113,0.625,0.10345
5,0.452728113,0.625,0.10345
5,0.452728113,0.625,0.10345
5,0.452728113,0.625,0.10345
5,0.452728113,0.625,0.10345
5,0.452728113,0.625,0.10345
5,0.452728113,0.625,0.10345
5,0.452728113,0.625,0.10345
5,0.452728113,0.5,0.13793
Best fitness
Objective,Generation,Error
0,3,0.5
1,2,0.06897
Avg simulation runtime,Avg generation runtime
23.4804347826087,37.22913043478262
