Generation,Hypervolume,Min error,Max error,Avg error,Min gate fit,Max gate fit,Avg gate fit
0,0.9180171916000001,-0.0,0.875,0.47614189800000006,0.005,0.86207,0.146400728
1,0.9291366467999999,-0.0,0.875,0.35315128999999995,0.005,0.7931,0.237373604
2,0.9299845099999999,-0.0,0.875,0.146712428,0.005,0.75862,0.383133836
3,0.9342957599999999,-0.0,0.875,0.10246721,0.005,0.7931,0.415793052
4,0.93860576,-0.0,0.875,0.10805226600000001,0.005,0.75862,0.408863242
5,0.93860576,-0.0,0.875,0.10482263599999998,0.005,0.75862,0.416469984
6,0.94291576,-0.0,0.875,0.10504577,0.005,0.75862,0.4155452700000001
7,0.94291576,-0.0,0.875,0.08965427599999999,0.005,0.75862,0.41445508200000003
8,0.94291576,-0.0,0.875,0.10043958200000001,0.005,0.75862,0.41014856999999993
9,0.94291576,-0.0,0.875,0.09491077399999999,0.005,0.75862,0.406139866
10,0.94291576,-0.0,0.875,0.093144952,0.005,0.75862,0.405452184
11,0.94291576,-0.0,0.875,0.09421906199999999,0.005,0.75862,0.406194976
12,0.94291576,-0.0,0.875,0.09477308799999999,0.005,0.75862,0.40682850800000003
13,0.94291576,-0.0,0.875,0.09355770599999999,0.005,0.75862,0.40580489200000003
14,0.94291576,-0.0,0.875,0.093344868,0.005,0.75862,0.4058679740000001
15,0.94291576,-0.0,0.875,0.09619769199999999,0.005,0.75862,0.405336874
16,0.94291576,-0.0,0.875,0.093880462,0.005,0.82759,0.40716535600000003
17,0.94291576,-0.0,0.875,0.09429925,0.005,0.75862,0.40688953600000005
18,0.94291576,-0.0,0.875,0.09548483799999999,0.005,0.75862,0.406218692
19,0.94291576,-0.0,0.875,0.09366832200000001,0.005,0.75862,0.406548594
20,0.94291576,-0.0,0.875,0.09433238399999999,0.005,0.75862,0.403574288
Best Pareto front
Generation,Hypervolume,error,gate fit
8,0.94291576,0.25,0.03448
8,0.94291576,0.25,0.03448
8,0.94291576,0.25,0.03448
8,0.94291576,0.25,0.03448
8,0.94291576,0.25,0.03448
8,0.94291576,0.25,0.03448
8,0.94291576,0.75,0.005
8,0.94291576,0.75,0.005
8,0.94291576,0.75,0.005
8,0.94291576,0.75,0.005
8,0.94291576,0.75,0.005
8,0.94291576,0.75,0.005
8,0.94291576,0.75,0.005
8,0.94291576,0.125,0.06897
8,0.94291576,-0.0,0.24138
Best fitness
Objective,Generation,Error
0,2,-0.0
1,2,0.005
Avg simulation runtime,Avg generation runtime
31.51571428571429,42.49238095238095
