Generation,Hypervolume,Min error,Max error,Avg error,Min gate fit,Max gate fit,Avg gate fit
0,0.9376099016,0.00034,0.875,0.4946714,0.005,0.82759,0.13867977999999997
1,0.94291576,-0.0,0.875,0.40943485,0.005,0.7931,0.14519767399999997
2,0.94291576,-0.0,0.875,0.240048958,0.005,0.75862,0.18156532799999994
3,0.94291576,-0.0,0.75,0.07578703,0.005,0.72414,0.23946389999999998
4,0.94291576,-0.0,0.75,0.05163696,0.005,0.72414,0.24460236199999996
5,0.94291576,-0.0,0.75,0.052616856,0.005,0.37931,0.24508899599999995
6,0.94291576,-0.0,0.75,0.05120316600000001,0.005,0.37931,0.24460624399999997
7,0.94291576,-0.0,0.75,0.05241345,0.005,0.37931,0.24446831799999996
8,0.94291576,-0.0,0.75,0.051054353999999996,0.005,0.37931,0.244502798
9,0.94291576,-0.0,0.75,0.05879966199999999,0.005,0.37931,0.24291919799999995
10,0.94291576,-0.0,0.75,0.05659869,0.005,0.37931,0.24313785599999996
11,0.94291576,-0.0,0.875,0.059801,0.005,0.41379,0.24204354799999991
12,0.94291576,-0.0,0.875,0.059516266,0.005,0.44828,0.24189182599999995
13,0.94291576,-0.0,0.75,0.059733122,0.005,0.37931,0.24167802799999996
14,0.94291576,-0.0,0.875,0.059171744,0.005,0.37931,0.24158460999999998
15,0.94291576,-0.0,0.875,0.060449017999999986,0.005,0.41379,0.24112442599999995
16,0.94291576,-0.0,0.875,0.06073473999999999,0.005,0.37931,0.241604152
17,0.94291576,-0.0,0.875,0.0579794,0.005,0.37931,0.24208893799999998
18,0.94291576,-0.0,0.875,0.05453183,0.005,0.37931,0.24149298799999996
19,0.94291576,-0.0,0.75,0.055410237999999994,0.005,0.37931,0.24234502199999994
20,0.94291576,-0.0,0.875,0.06406362,0.005,0.41379,0.24006586399999996
21,0.94291576,-0.0,0.75,0.074200738,0.005,0.44828,0.23857148799999994
22,0.94291576,-0.0,0.875,0.07280839799999998,0.005,0.44828,0.23747914599999995
23,0.94291576,-0.0,0.875,0.12644755,0.005,0.55172,0.22258594199999998
24,0.94291576,-0.0,0.875,0.124956504,0.005,0.55172,0.220128248
Best Pareto front
Generation,Hypervolume,error,gate fit
3,0.94291576,0.75,0.005
3,0.94291576,0.75,0.005
3,0.94291576,0.75,0.005
3,0.94291576,0.75,0.005
3,0.94291576,0.75,0.005
3,0.94291576,0.75,0.005
3,0.94291576,0.75,0.005
3,0.94291576,0.25,0.03448
3,0.94291576,0.25,0.03448
3,0.94291576,0.25,0.03448
3,0.94291576,0.25,0.03448
3,0.94291576,0.25,0.03448
3,0.94291576,0.25,0.03448
3,0.94291576,0.25,0.03448
3,0.94291576,0.25,0.03448
3,0.94291576,-0.0,0.24138
3,0.94291576,0.125,0.06897
Best fitness
Objective,Generation,Error
0,3,-0.0
1,2,0.005
Avg simulation runtime,Avg generation runtime
26.217999999999996,35.2908
