Generation,Hypervolume,Min error,Max error,Avg error,Min gate fit,Max gate fit,Avg gate fit
0,0.43845382209999995,0.38136,1.0,0.8387089019999999,0.005,1.0,0.46261018800000003
1,0.48525086519999994,0.38136,1.0,0.8135358060000001,0.005,1.0,0.42520379
2,0.48610159399999997,0.38136,1.0,0.798133368,0.005,1.0,0.382272636
3,0.4955617425999999,0.38136,1.0,0.789786088,0.005,1.0,0.335315064
4,0.5001839337999999,0.38136,1.0,0.776806124,0.005,1.0,0.289067092
5,0.5183451079,0.38136,1.0,0.76645008,0.005,1.0,0.25711571
6,0.5183451079,0.38136,1.0,0.7603986979999999,0.005,1.0,0.215417362
7,0.5183598479,0.38136,1.0,0.7589521579999999,0.005,1.0,0.162716164
8,0.5314039767,0.38136,0.9792,0.7659625620000001,0.005,1.0,0.09772502
9,0.5328485467999999,0.38136,0.83668,0.7382799580000001,0.005,1.0,0.087073704
10,0.5341372982999999,0.38136,0.8158,0.717786758,0.005,1.0,0.092824118
11,0.5830633665,0.38073,0.77495,0.681800734,0.005,1.0,0.132968256
12,0.7079661860000002,0.22865,0.77096,0.680805064,0.005,1.0,0.144179164
13,0.7089656970000001,0.22865,0.7701,0.65969432,0.005,1.0,0.173528838
14,0.7089701807000001,0.22865,0.76972,0.6617453099999999,0.005,1.0,0.13584312
15,0.7089701807000001,0.22865,0.76953,0.679403518,0.005,1.0,0.09186050999999999
16,0.7089701807000001,0.22865,0.76914,0.736764054,0.005,0.96552,0.025969955999999995
17,0.7094939319,0.22865,0.76905,0.754482074,0.005,0.51724,0.010502176
Best Pareto front
Generation,Hypervolume,error,gate fit
19,0.7094939319,0.46715,0.10345
19,0.7094939319,0.76903,0.005
19,0.7094939319,0.22865,0.2069
19,0.7094939319,0.57383,0.06897
19,0.7094939319,0.33279,0.17241
19,0.7094939319,0.60474,0.03448
19,0.7094939319,0.38982,0.13793
Best fitness
Objective,Generation,Error
0,14,0.22865
1,2,0.005
Avg simulation runtime,Avg generation runtime
38.26666666666667,83.46833333333333
