Generation,Hypervolume,Min error,Max error,Avg error,Min gate fit,Max gate fit,Avg gate fit
0,0.8897272223999999,0.05396,0.875,0.511766978,0.005,0.86207,0.14970114399999998
1,0.9080904515999999,0.02264,0.875,0.6311100080000001,0.005,0.82759,0.06902643800000001
2,0.9080904515999999,0.02264,0.875,0.638529418,0.005,0.82759,0.064000114
3,0.9152317074,0.01046,0.875,0.572416442,0.005,0.86207,0.09176331400000001
4,0.9183919183,0.00507,0.875,0.634275582,0.005,0.82759,0.057482741999999996
5,0.9323363805999999,0.00039,0.875,0.669193814,0.005,0.82759,0.054968718
6,0.9324998315999999,0.00039,0.875,0.65380936,0.005,0.82759,0.06183219199999999
7,0.9341322859999999,1e-05,0.875,0.47344640999999993,0.005,0.82759,0.18221125200000002
8,0.9341322859999999,1e-05,0.875,0.4566263220000001,0.005,0.7931,0.18184723200000003
9,0.9341381490999999,0.0,0.875,0.181139876,0.005,0.75862,0.348938216
10,0.9341381490999999,0.0,0.875,0.19841763,0.005,0.51724,0.35266918
11,0.9342785158,0.0,0.875,0.09751338000000002,0.005,0.51724,0.39310242400000006
12,0.9342785158,0.0,0.75,0.07474442199999999,0.005,0.48276,0.402769568
13,0.9342785158,0.0,0.875,0.060255564000000005,0.005,0.55172,0.408460672
14,0.9342785158,0.0,0.875,0.056900944,0.005,0.51724,0.4100988380000001
15,0.9342785158,0.0,0.75,0.060838086,0.005,0.51724,0.40928028400000005
16,0.9342785158,0.0,0.875,0.064011582,0.005,0.55172,0.406147684
17,0.934291622,0.0,0.75,0.06339705,0.005,0.48276,0.405903426
18,0.934291622,0.0,0.875,0.065887486,0.005,0.48276,0.40550280800000005
19,0.934291622,0.0,0.875,0.06857568200000001,0.005,0.48276,0.404359748
Best Pareto front
Generation,Hypervolume,error,gate fit
19,0.934291622,0.75,0.005
19,0.934291622,0.75,0.005
19,0.934291622,0.75,0.005
19,0.934291622,0.75,0.005
19,0.934291622,0.75,0.005
19,0.934291622,0.75,0.005
19,0.934291622,0.25,0.03448
19,0.934291622,0.25,0.03448
19,0.934291622,0.25,0.03448
19,0.934291622,0.25,0.03448
19,0.934291622,0.25,0.03448
19,0.934291622,0.25,0.03448
19,0.934291622,0.25,0.03448
19,0.934291622,0.125,0.06897
19,0.934291622,0.125,0.06897
19,0.934291622,0.0,0.41379
19,0.934291622,0.0,0.41379
19,0.934291622,4e-05,0.31034
Best fitness
Objective,Generation,Error
0,11,0.0
1,2,0.005
Avg simulation runtime,Avg generation runtime
30.049,43.757999999999996
