Generation,Hypervolume,Min error,Max error,Avg error,Min gate fit,Max gate fit,Avg gate fit
0,0.4849521366999999,0.43335,1.0,0.8382675399999998,0.005,1.0,0.44487917
1,0.48975909209999996,0.43335,1.0,0.813914966,0.005,1.0,0.411049346
2,0.5591727327000001,0.39866,1.0,0.7993422099999999,0.005,1.0,0.354205544
3,0.5600919695000001,0.39866,1.0,0.787544614,0.005,1.0,0.30289228
4,0.5601535827,0.39866,1.0,0.774673332,0.005,1.0,0.251527956
5,0.5639621065,0.39866,1.0,0.766297262,0.005,1.0,0.20211306199999998
6,0.5739258913,0.38942,0.91291,0.7594737,0.005,1.0,0.145899028
7,0.5882963823,0.352,0.84024,0.745191912,0.005,1.0,0.100035292
8,0.5915659496000001,0.34371,0.82331,0.736992378,0.005,1.0,0.072561166
9,0.5917656467000001,0.34371,0.78661,0.718626972,0.005,0.96552,0.068172508
10,0.5962756307000001,0.34371,0.77152,0.716738832,0.005,0.93103,0.063433486
11,0.6125641612000001,0.34371,0.77152,0.6788030519999999,0.005,0.93103,0.10328248200000001
12,0.6380088745000001,0.31605,0.77038,0.6572547599999999,0.005,1.0,0.115778444
13,0.6576165831,0.29823,0.77002,0.6834830539999999,0.005,0.93103,0.05902424
14,0.6994835193999999,0.24045,0.7696,0.7087823719999999,0.005,0.68966,0.038234408000000004
15,0.6995066276999999,0.24045,0.76938,0.709967742,0.005,0.68966,0.034930598
16,0.6995066276999999,0.24045,0.76913,0.750469064,0.005,0.27586,0.012186602000000001
17,0.7005334421,0.24045,0.76905,0.758630904,0.005,0.27586,0.008676406
18,0.7069112625,0.2309,0.76903,0.7679570440000001,0.005,0.34483,0.005435276
19,0.7076613265,0.2309,0.76903,0.767975108,0.005,0.34483,0.005434278000000001
20,0.7076613265,0.2309,0.76903,0.7677727520000001,0.005,0.34483,0.005521931999999999
21,0.7076613265,0.2309,0.76903,0.7677727520000001,0.005,0.34483,0.005521931999999999
Best Pareto front
Generation,Hypervolume,error,gate fit
21,0.7076613265,0.76903,0.005
21,0.7076613265,0.2309,0.34483
21,0.7076613265,0.2311,0.27586
21,0.7076613265,0.60549,0.03448
21,0.7076613265,0.32125,0.13793
21,0.7076613265,0.46715,0.10345
21,0.7076613265,0.57404,0.06897
21,0.7076613265,0.29518,0.17241
21,0.7076613265,0.28401,0.2069
Best fitness
Objective,Generation,Error
0,20,0.2309
1,2,0.005
Avg simulation runtime,Avg generation runtime
35.05181818181818,69.12136363636364
