Generation,Hypervolume,Min error,Max error,Avg error,Min gate fit,Max gate fit,Avg gate fit
0,0.4432840538000001,0.51477,1.0,0.8360216779999999,0.05,1.0,0.4534878639999999
1,0.4677357557,0.47786,1.0,0.8079822559999998,0.05,1.0,0.430497854
2,0.5209613092000001,0.4072,1.0,0.789281016,0.05,1.0,0.390261734
3,0.5262653399,0.4072,1.0,0.7765652099999999,0.05,1.0,0.33848659200000003
4,0.5267335194999999,0.4072,0.87043,0.7557362919999999,0.05,1.0,0.31980390000000003
5,0.5409199696999999,0.4072,0.83689,0.7402147339999999,0.05,1.0,0.28701224999999997
6,0.5632174120999999,0.36729,0.82363,0.726236688,0.05,1.0,0.26267093199999997
7,0.6171158403,0.31659,0.81285,0.708635854,0.05,1.0,0.23890633200000003
8,0.6172884673,0.31659,0.80302,0.695562266,0.05,1.0,0.208063674
9,0.6608272152999999,0.2617,0.78661,0.68044364,0.05,1.0,0.179308242
10,0.6737635671000001,0.24664,0.77542,0.668956046,0.05,1.0,0.15997400200000003
Best Pareto front
Generation,Hypervolume,error,gate fit
12,0.6737635671000001,0.57377,0.06897
12,0.6737635671000001,0.47265,0.13793
12,0.6737635671000001,0.37913,0.17241
12,0.6737635671000001,0.24664,0.2069
12,0.6737635671000001,0.625,0.05
Best fitness
Objective,Generation,Error
0,12,0.24664
1,2,0.05
Avg simulation runtime,Avg generation runtime
36.70636363636363,84.24909090909091
