Generation,Hypervolume,Min error,Max error,Avg error,Min gate fit,Max gate fit,Avg gate fit
0,0.45576015049999996,0.47177,1.0,0.8381815539999999,0.05,1.0,0.45661362800000005
1,0.45742988989999994,0.47177,1.0,0.81315711,0.05,1.0,0.425184086
2,0.4740786912,0.46329,1.0,0.79662285,0.05,1.0,0.386572536
3,0.4925764516999999,0.40513,1.0,0.78344924,0.05,1.0,0.34695917200000004
4,0.5197857991999999,0.40513,1.0,0.776110812,0.05,1.0,0.29293504800000003
5,0.5198100807999999,0.40513,0.88445,0.7605716640000001,0.05,1.0,0.24205134400000003
6,0.5456998534999999,0.40513,0.84345,0.744589658,0.05,1.0,0.20457725000000002
Best Pareto front
Generation,Hypervolume,error,gate fit
8,0.5456998534999999,0.40513,0.68966
8,0.5456998534999999,0.57516,0.06897
8,0.5456998534999999,0.46715,0.10345
8,0.5456998534999999,0.62512,0.05
8,0.5456998534999999,0.40595,0.27586
8,0.5456998534999999,0.45637,0.13793
Best fitness
Objective,Generation,Error
0,5,0.40513
1,2,0.05
Avg simulation runtime,Avg generation runtime
45.48142857142857,141.94714285714284
