Generation,Hypervolume,Min error,Max error,Avg error,Min gate fit,Max gate fit,Avg gate fit
0,0.9269951251000002,-0.0,0.875,0.45464632,0.005,0.89655,0.164426512
1,0.9269951251000002,-0.0,0.875,0.333954366,0.005,0.68966,0.226582776
2,0.9313892624,-0.0,0.875,0.11960787400000002,0.005,0.51724,0.34557345600000006
3,0.9313892624,-0.0,0.75,0.043634304,0.005,0.51724,0.40449751400000006
4,0.9313892624,-0.0,0.75,0.04677312199999999,0.005,0.48276,0.4032337160000001
5,0.9313892624,-0.0,0.875,0.046463576,0.005,0.48276,0.40429371000000003
6,0.9313892624,-0.0,0.875,0.048084749999999996,0.005,0.48276,0.403210026
7,0.9337490736,-0.0,0.75,0.043018542,0.005,0.48276,0.40626172400000005
8,0.9337490736,-0.0,0.75,0.042911795999999995,0.005,0.55172,0.407648832
9,0.9337490736,-0.0,0.75,0.042585492,0.005,0.48276,0.40707050400000006
10,0.9337490736,-0.0,0.875,0.049006476,0.005,0.48276,0.4034948160000001
11,0.9337490736,-0.0,0.875,0.04378635,0.005,0.48276,0.4071837320000001
12,0.9337490736,-0.0,0.875,0.047110722,0.005,0.51724,0.40466804400000006
13,0.9337490736,-0.0,0.875,0.039226368000000005,0.005,0.48276,0.407062564
14,0.9337490736,-0.0,0.75,0.042176676,0.005,0.48276,0.4069295580000001
15,0.9337490736,-0.0,0.75,0.04405865,0.005,0.48276,0.40692856800000005
16,0.9337490736,-0.0,0.75,0.039535536,0.005,0.51724,0.40671963800000005
17,0.9337490736,-0.0,0.75,0.046094076,0.005,0.51724,0.40382971000000006
18,0.9337490736,-0.0,0.75,0.043830422,0.005,0.48276,0.4042926740000001
19,0.9337490736,-0.0,0.75,0.043666916,0.005,0.48276,0.4042434160000001
20,0.9337490736,-0.0,0.75,0.043799392,0.005,0.48276,0.4048474020000001
Best Pareto front
Generation,Hypervolume,error,gate fit
9,0.9337490736,0.75,0.005
9,0.9337490736,0.75,0.005
9,0.9337490736,0.75,0.005
9,0.9337490736,0.75,0.005
9,0.9337490736,0.75,0.005
9,0.9337490736,0.75,0.005
9,0.9337490736,0.25,0.03448
9,0.9337490736,0.25,0.03448
9,0.9337490736,0.25,0.03448
9,0.9337490736,0.25,0.03448
9,0.9337490736,0.25,0.03448
9,0.9337490736,0.25,0.03448
9,0.9337490736,-0.0,0.41379
9,0.9337490736,-0.0,0.41379
9,0.9337490736,-0.0,0.41379
9,0.9337490736,0.125,0.06897
9,0.9337490736,0.05232,0.27586
9,0.9337490736,0.0181,0.34483
Best fitness
Objective,Generation,Error
0,2,-0.0
1,2,0.005
Avg simulation runtime,Avg generation runtime
31.601428571428578,42.19571428571428
