Generation,Hypervolume,Min error,Max error,Avg error,Min gate fit,Max gate fit,Avg gate fit
0,0.4569314053,0.48622,1.0,0.837977878,0.05,1.0,0.44722307200000005
1,0.4643220154,0.48622,1.0,0.813444876,0.05,1.0,0.410685934
2,0.465695323,0.48622,1.0,0.797965844,0.05,1.0,0.362006058
3,0.50605871,0.45184,0.95747,0.7864019719999998,0.05,1.0,0.310309514
4,0.5106339585,0.44709,0.85939,0.767945672,0.05,1.0,0.288571288
5,0.6312165388,0.30804,0.83444,0.7541019259999999,0.05,1.0,0.257186876
6,0.6315544428,0.30804,0.82353,0.7414463219999999,0.05,1.0,0.225014846
Best Pareto front
Generation,Hypervolume,error,gate fit
8,0.6315544428,0.30804,0.13793
8,0.6315544428,0.62636,0.05
8,0.6315544428,0.58923,0.10345
8,0.6315544428,0.60496,0.06897
Best fitness
Objective,Generation,Error
0,7,0.30804
1,2,0.05
Avg simulation runtime,Avg generation runtime
41.52285714285715,136.42714285714285
