Generation,Hypervolume,Min error,Max error,Avg error,Min gate fit,Max gate fit,Avg gate fit
0,0.9156782591999999,0.02817,0.875,0.486110178,0.005,0.7931,0.144938958
1,0.9215426175999999,0.02817,0.875,0.6349444759999999,0.005,0.82759,0.05104593799999999
2,0.9355637632,0.00969,0.875,0.668899734,0.005,0.75862,0.048100102
3,0.9439022919999998,0.00394,0.875,0.655361012,0.005,0.75862,0.056002146
4,0.9469685135999999,0.00016,0.875,0.47596746399999995,0.005,0.75862,0.11320317199999999
5,0.9471595455999999,8e-05,0.875,0.5678245839999999,0.005,0.7931,0.081734822
6,0.9471595455999999,8e-05,0.875,0.508936098,0.005,0.75862,0.12288752
7,0.94722576,0.0,0.875,0.11812715800000001,0.005,0.75862,0.25387271800000005
8,0.94722576,0.0,0.875,0.1201103,0.005,0.62069,0.22879208799999998
9,0.94722576,0.0,0.875,0.08368689200000001,0.005,0.62069,0.21241519600000003
10,0.94722576,0.0,0.87469,0.048896254,0.005,0.62069,0.21473303000000005
11,0.94722576,0.0,0.87469,0.03902784,0.005,0.62069,0.21358820200000006
12,0.94722576,0.0,0.75,0.032996424,0.005,0.62069,0.21387101400000003
13,0.94722576,0.0,0.75,0.035295802,0.005,0.62069,0.21351927600000004
14,0.94722576,0.0,0.87469,0.035368734,0.005,0.62069,0.21371239000000006
15,0.94722576,0.0,0.87469,0.033196384,0.005,0.62069,0.21333998200000007
16,0.94722576,0.0,0.75,0.03500043,0.005,0.62069,0.21440891600000003
17,0.94722576,0.0,0.875,0.036273336,0.005,0.58621,0.21391336600000005
18,0.94722576,0.0,0.87469,0.03567214,0.005,0.58621,0.21383649600000004
19,0.94722576,0.0,0.75,0.040537154,0.005,0.58621,0.21298860600000002
20,0.94722576,0.0,0.75,0.038405868,0.005,0.58621,0.21375873000000006
21,0.94722576,0.0,0.875,0.042296784000000004,0.005,0.58621,0.21156604400000006
22,0.94722576,0.0,0.87469,0.041370864,0.005,0.58621,0.21162622400000006
23,0.94722576,0.0,0.75,0.042077918000000006,0.005,0.58621,0.21133965200000002
Best Pareto front
Generation,Hypervolume,error,gate fit
9,0.94722576,0.75,0.005
9,0.94722576,0.75,0.005
9,0.94722576,0.75,0.005
9,0.94722576,0.75,0.005
9,0.94722576,0.75,0.005
9,0.94722576,0.75,0.005
9,0.94722576,0.75,0.005
9,0.94722576,0.25,0.03448
9,0.94722576,0.25,0.03448
9,0.94722576,0.25,0.03448
9,0.94722576,0.25,0.03448
9,0.94722576,0.25,0.03448
9,0.94722576,0.125,0.06897
9,0.94722576,0.125,0.06897
9,0.94722576,0.125,0.06897
9,0.94722576,0.0,0.2069
Best fitness
Objective,Generation,Error
0,9,0.0
1,2,0.005
Avg simulation runtime,Avg generation runtime
26.492500000000003,36.216249999999995
