Generation,Hypervolume,Min error,Max error,Avg error,Min gate fit,Max gate fit,Avg gate fit
0,0.398630075,0.56881,0.92778,0.837673704,0.05,1.0,0.445644364
1,0.4624885938999999,0.46297,1.0,0.8128232419999999,0.05,1.0,0.41457514199999995
2,0.46332749229999987,0.46297,1.0,0.7972131419999999,0.05,1.0,0.384289698
3,0.48402963739999993,0.46297,1.0,0.78643393,0.05,1.0,0.34797500200000003
4,0.4840467103999999,0.46297,0.92,0.7756921920000001,0.05,1.0,0.303898188
5,0.4846517739999999,0.46297,0.85767,0.760424526,0.05,1.0,0.276446172
Best Pareto front
Generation,Hypervolume,error,gate fit
7,0.4846517739999999,0.46297,0.48276
7,0.4846517739999999,0.58212,0.06897
7,0.4846517739999999,0.48749,0.2069
7,0.4846517739999999,0.62501,0.05
7,0.4846517739999999,0.57635,0.10345
Best fitness
Objective,Generation,Error
0,3,0.46297
1,2,0.05
Avg simulation runtime,Avg generation runtime
46.56666666666667,150.55833333333334
