Generation,Hypervolume,Min error,Max error,Avg error,Min gate fit,Max gate fit,Avg gate fit
0,0.39049235779999997,0.56192,1.0,0.837020672,0.05,1.0,0.46242922399999997
1,0.45481677719999997,0.5071,1.0,0.809426042,0.05,1.0,0.42592383200000006
2,0.6533466468000001,0.25994,1.0,0.791824084,0.05,1.0,0.382246588
3,0.6552526597000001,0.25994,0.88316,0.771945166,0.05,1.0,0.34823797999999995
4,0.6598562065,0.25994,0.83668,0.751426564,0.05,1.0,0.322350472
5,0.6642436665999999,0.25994,0.82322,0.733588498,0.05,1.0,0.304511208
6,0.6643491398,0.25994,0.80734,0.716281854,0.05,1.0,0.273764006
7,0.664872891,0.25994,0.79595,0.701642776,0.05,1.0,0.238575104
8,0.669140328,0.25994,0.7823,0.688026198,0.05,1.0,0.18971182199999997
9,0.6693192171999999,0.25994,0.77006,0.673914208,0.05,1.0,0.169090194
Best Pareto front
Generation,Hypervolume,error,gate fit
11,0.6693192171999999,0.25994,0.2069
11,0.6693192171999999,0.38982,0.13793
11,0.6693192171999999,0.46715,0.10345
11,0.6693192171999999,0.58608,0.06897
11,0.6693192171999999,0.6057,0.05
Best fitness
Objective,Generation,Error
0,4,0.25994
1,2,0.05
Avg simulation runtime,Avg generation runtime
35.532,90.27200000000002
