Generation,Hypervolume,Min error,Max error,Avg error,Min gate fit,Max gate fit,Avg gate fit
0,0.477484135,0.47568,1.0,0.8375899160000001,0.005,1.0,0.45801404
1,0.47804995679999995,0.47568,1.0,0.813639308,0.005,1.0,0.41348453
2,0.5006212581999999,0.45781,1.0,0.799945124,0.005,1.0,0.364459454
3,0.5006943685999999,0.45781,1.0,0.7879355680000001,0.005,1.0,0.31579161000000006
4,0.5343123322000001,0.43841,1.0,0.777111556,0.005,1.0,0.27229801600000003
5,0.5357321602,0.43662,1.0,0.773265752,0.005,1.0,0.21481952
6,0.554250977,0.41105,0.88394,0.760803656,0.005,1.0,0.171173592
7,0.5545351746,0.41105,0.83504,0.7478690979999999,0.005,1.0,0.1395911
8,0.5545354694000001,0.41105,0.82385,0.740073708,0.005,1.0,0.10075956999999999
9,0.5753126146,0.39177,0.81129,0.717552264,0.005,1.0,0.10600899399999998
10,0.5755254064,0.39177,0.79945,0.71042485,0.005,1.0,0.095566716
11,0.5755254064,0.39177,0.77634,0.69328598,0.005,1.0,0.10195574399999999
12,0.6377153140999999,0.32125,0.77152,0.6893549499999999,0.005,1.0,0.119618752
13,0.6595575965000001,0.29391,0.77014,0.6751045680000001,0.005,1.0,0.151114424
14,0.6595575965000001,0.29391,0.76948,0.701673344,0.005,0.89655,0.074209722
15,0.6595575965000001,0.29391,0.76914,0.750265192,0.005,0.41379,0.014438436
16,0.6595575965000001,0.29391,0.76904,0.759450652,0.005,0.24138,0.008487126000000001
17,0.6595575965000001,0.29391,0.76904,0.75687623,0.005,0.24138,0.009004958
18,0.6608349209000001,0.29391,0.76903,0.752907056,0.005,0.24138,0.010278916
19,0.6608349209000001,0.29391,0.76903,0.768209676,0.005,0.24138,0.005291448
Best Pareto front
Generation,Hypervolume,error,gate fit
20,0.6608349209000001,0.76903,0.005
20,0.6608349209000001,0.29391,0.24138
20,0.6608349209000001,0.30273,0.17241
20,0.6608349209000001,0.6051,0.03448
20,0.6608349209000001,0.32125,0.13793
20,0.6608349209000001,0.46715,0.10345
20,0.6608349209000001,0.57323,0.06897
Best fitness
Objective,Generation,Error
0,15,0.29391
1,2,0.005
Avg simulation runtime,Avg generation runtime
36.913,76.05649999999999
