Generation,Hypervolume,Min error,Max error,Avg error,Min gate fit,Max gate fit,Avg gate fit
0,0.4728183778000001,0.49321,1.0,0.836518834,0.005,1.0,0.45592142
1,0.5125770510000001,0.45893,1.0,0.8133076439999999,0.005,1.0,0.421693434
2,0.5491875564,0.41657,1.0,0.798937296,0.005,1.0,0.369985266
3,0.5501056802000001,0.41657,1.0,0.785463102,0.005,1.0,0.32191515
4,0.5501772396000001,0.41657,1.0,0.771751928,0.005,1.0,0.279305386
5,0.5590747181000001,0.40896,1.0,0.760762982,0.005,1.0,0.24175414600000003
6,0.5590747181000001,0.40896,1.0,0.7531690200000001,0.005,1.0,0.196048842
7,0.5625451308,0.40501,1.0,0.7513677860000001,0.005,1.0,0.138010568
8,0.6107609359999999,0.34752,0.91679,0.757317622,0.005,1.0,0.08245069199999999
9,0.6114160559999998,0.34752,0.82694,0.7382043479999999,0.005,0.96552,0.07087362000000001
10,0.6145778219999999,0.34752,0.81069,0.715225526,0.005,0.96552,0.062044392
11,0.6396116646999999,0.32125,0.78022,0.7216466399999999,0.005,0.93103,0.03347442999999999
12,0.6402154094999999,0.32125,0.77152,0.715594218,0.005,0.93103,0.034125446
13,0.6403285366999999,0.32125,0.77152,0.6657121860000002,0.005,0.93103,0.060412022
14,0.6588853465000001,0.29883,0.76965,0.6510309780000001,0.005,0.93103,0.06842813799999999
15,0.6596483889000001,0.29883,0.76935,0.669327376,0.005,0.93103,0.049446024
16,0.6596983994000001,0.29883,0.76925,0.683217784,0.005,0.93103,0.041132546
17,0.6598411774999999,0.29868,0.7691,0.73128605,0.005,0.93103,0.019024534
18,0.6599981615999999,0.29777,0.76904,0.756767354,0.005,0.89655,0.009217848
19,0.6599981615999999,0.29777,0.76903,0.768182384,0.005,0.82759,0.005525932
20,0.6600481575999999,0.29777,0.76903,0.7682315160000001,0.005,0.82759,0.005513138000000001
Best Pareto front
Generation,Hypervolume,error,gate fit
22,0.6600481575999999,0.76903,0.005
22,0.6600481575999999,0.29777,0.82759
22,0.6600481575999999,0.29868,0.17241
22,0.6600481575999999,0.60477,0.03448
22,0.6600481575999999,0.46715,0.10345
22,0.6600481575999999,0.30485,0.13793
22,0.6600481575999999,0.52047,0.06897
Best fitness
Objective,Generation,Error
0,20,0.29777
1,2,0.005
Avg simulation runtime,Avg generation runtime
35.55619047619048,72.09333333333335
