Generation,Hypervolume,Min error,Max error,Avg error,Min gate fit,Max gate fit,Avg gate fit
0,0.4939692629,0.46715,1.0,0.8339956159999999,0.05,1.0,0.457178488
1,0.49783800300000003,0.46715,1.0,0.8066822319999999,0.05,1.0,0.432653702
2,0.497989715,0.46715,1.0,0.787329456,0.05,1.0,0.400421336
3,0.5011127791000001,0.45629,1.0,0.771277254,0.05,1.0,0.364452752
4,0.5040632327,0.45629,0.92834,0.7555584080000001,0.05,1.0,0.31635347199999997
5,0.6315939431,0.31619,0.8566,0.7354018480000001,0.05,1.0,0.289647332
6,0.6315939431,0.31619,0.83459,0.7178136940000001,0.05,1.0,0.25320469199999995
7,0.6315939431,0.31619,0.82379,0.7017739540000001,0.05,1.0,0.21164440999999998
8,0.6318900648000001,0.31619,0.81185,0.681445906,0.05,1.0,0.18596486399999998
9,0.6318900648000001,0.31619,0.78778,0.669763754,0.05,1.0,0.155217194
10,0.6319075172,0.31619,0.77152,0.6500140499999999,0.05,1.0,0.14704329400000002
Best Pareto front
Generation,Hypervolume,error,gate fit
12,0.6319075172,0.46715,0.10345
12,0.6319075172,0.52458,0.06897
12,0.6319075172,0.31619,0.13793
12,0.6319075172,0.60533,0.05
Best fitness
Objective,Generation,Error
0,7,0.31619
1,2,0.05
Avg simulation runtime,Avg generation runtime
37.82999999999999,85.50272727272728
