Generation,Hypervolume,Min error,Max error,Avg error,Min gate fit,Max gate fit,Avg gate fit
0,0.5099487506,0.45082,0.94141,0.8363070420000001,0.05,1.0,0.45619602
1,0.5117766998,0.45082,0.98037,0.808132258,0.05,1.0,0.43327196399999995
2,0.5122490528,0.45082,1.0,0.787089084,0.05,1.0,0.395321698
3,0.5598141807000001,0.39344,1.0,0.770208208,0.05,1.0,0.347810746
4,0.6247050767000001,0.31504,0.90767,0.7529789179999999,0.05,1.0,0.307476676
5,0.6327266611000001,0.30564,0.84332,0.7334024979999999,0.05,1.0,0.28171420799999997
6,0.6327334903,0.30564,0.82416,0.71636228,0.05,1.0,0.24220080800000002
7,0.6372339908000001,0.30564,0.8155,0.6939919,0.05,1.0,0.21052542200000002
8,0.6381946036,0.30564,0.80181,0.6754037500000001,0.05,1.0,0.167583066
9,0.6382471505,0.30564,0.77953,0.656804954,0.05,1.0,0.144879808
10,0.6831573262999999,0.24979,0.77152,0.636609992,0.05,0.96552,0.10670703600000002
11,0.6834086787999999,0.24979,0.75257,0.615316464,0.05,0.89655,0.087805226
12,0.6834879733999999,0.24979,0.67336,0.59888159,0.05,0.89655,0.08233054999999999
Best Pareto front
Generation,Hypervolume,error,gate fit
14,0.6834879733999999,0.46715,0.10345
14,0.6834879733999999,0.57596,0.06897
14,0.6834879733999999,0.2707,0.17241
14,0.6834879733999999,0.24979,0.24138
14,0.6834879733999999,0.32125,0.13793
14,0.6834879733999999,0.6048,0.05
Best fitness
Objective,Generation,Error
0,12,0.24979
1,2,0.05
Avg simulation runtime,Avg generation runtime
31.19076923076923,70.30384615384614
