Generation,Hypervolume,Min error,Max error,Avg error,Min gate fit,Max gate fit,Avg gate fit
0,0.9376008479999998,0.00103,0.875,0.49205617999999995,0.005,1.03448,0.13924467199999999
1,0.9378974447999999,0.0006,0.875,0.5871540399999999,0.005,0.86207,0.081869716
2,0.9382884751999998,0.00043,0.875,0.516318202,0.005,0.7931,0.13206345
3,0.9428950719999999,-0.0,0.875,0.411841706,0.005,0.7931,0.19214143
4,0.9429154152,-0.0,0.875,0.398441482,0.005,0.7931,0.200504672
5,0.94291576,-0.0,0.875,0.22463707799999996,0.005,0.75862,0.24883406
6,0.94291576,-0.0,0.875,0.127641342,0.005,0.72414,0.27449307
7,0.94291576,-0.0,0.875,0.10679390600000002,0.005,0.58621,0.25785179999999996
8,0.94291576,-0.0,0.875,0.102898776,0.005,0.58621,0.24928470199999997
9,0.94291576,-0.0,0.875,0.102386312,0.005,0.58621,0.24936665999999996
10,0.94291576,-0.0,0.875,0.10621343599999998,0.005,0.58621,0.249096786
11,0.94291576,-0.0,0.875,0.10159073600000001,0.005,0.58621,0.24794196199999996
12,0.94291576,-0.0,0.875,0.10150097,0.005,0.58621,0.249024572
13,0.94291576,-0.0,0.875,0.10438597999999999,0.005,0.58621,0.24930446399999995
14,0.94291576,-0.0,0.875,0.105646352,0.005,0.58621,0.24926994199999994
15,0.94291576,-0.0,0.875,0.10261384800000001,0.005,0.58621,0.24848475199999995
16,0.94291576,-0.0,0.875,0.103127686,0.005,0.58621,0.24880018799999998
17,0.94291576,-0.0,0.875,0.098442306,0.005,0.58621,0.24909966199999994
18,0.94291576,-0.0,0.875,0.100621592,0.005,0.58621,0.24919420599999995
19,0.94291576,-0.0,0.875,0.10437658999999999,0.005,0.58621,0.24880087799999998
20,0.94291576,-0.0,0.875,0.104891688,0.005,0.58621,0.24930048199999996
21,0.94291576,-0.0,0.875,0.103391992,0.005,0.58621,0.24904536999999996
22,0.94291576,-0.0,0.875,0.105061562,0.005,0.58621,0.24933704999999995
Best Pareto front
Generation,Hypervolume,error,gate fit
7,0.94291576,0.75,0.005
7,0.94291576,0.75,0.005
7,0.94291576,0.75,0.005
7,0.94291576,0.75,0.005
7,0.94291576,0.75,0.005
7,0.94291576,0.75,0.005
7,0.94291576,0.75,0.005
7,0.94291576,0.75,0.005
7,0.94291576,0.75,0.005
7,0.94291576,0.25,0.03448
7,0.94291576,0.25,0.03448
7,0.94291576,0.25,0.03448
7,0.94291576,0.25,0.03448
7,0.94291576,0.25,0.03448
7,0.94291576,0.25,0.03448
7,0.94291576,0.25,0.03448
7,0.94291576,0.25,0.03448
7,0.94291576,0.25,0.03448
7,0.94291576,0.125,0.06897
7,0.94291576,0.125,0.06897
7,0.94291576,0.125,0.06897
7,0.94291576,-0.0,0.24138
Best fitness
Objective,Generation,Error
0,5,-0.0
1,2,0.005
Avg simulation runtime,Avg generation runtime
27.95826086956522,38.87
