Generation,Hypervolume,Min error,Max error,Avg error,Min gate fit,Max gate fit,Avg gate fit
0,0.9424419408000001,0.00021,0.875,0.525126152,0.005,1.03448,0.122109956
1,0.9428940355,0.0,0.875,0.449193206,0.005,1.03448,0.18086753200000003
2,0.94291576,0.0,0.875,0.229553272,0.005,1.03448,0.271975588
3,0.94291576,0.0,0.875,0.239034914,0.005,1.03448,0.26845899
4,0.94291576,0.0,0.76118,0.12572799399999998,0.005,0.7931,0.27576718599999994
5,0.94291576,0.0,0.75,0.09594106399999998,0.005,0.68966,0.24848054199999997
6,0.94291576,0.0,0.875,0.09601921199999998,0.005,0.65517,0.24756739599999997
7,0.94291576,0.0,0.875,0.087073484,0.005,0.65517,0.24867636399999993
8,0.94291576,0.0,0.875,0.09115477599999999,0.005,0.58621,0.25034218399999997
9,0.94291576,0.0,0.875,0.09284539200000001,0.005,0.65517,0.245107158
10,0.94291576,0.0,0.875,0.09162181200000001,0.005,0.62069,0.24522628199999993
11,0.94291576,0.0,0.875,0.08904999,0.005,0.62069,0.24613449799999995
12,0.94291576,0.0,0.875,0.09102088400000001,0.005,0.68966,0.24615236199999996
13,0.94291576,0.0,0.875,0.095574044,0.005,0.62069,0.24403150399999995
14,0.94291576,0.0,0.875,0.096106926,0.005,0.58621,0.24382255399999994
15,0.94291576,0.0,0.875,0.09929163800000002,0.005,0.58621,0.24298615599999993
16,0.94291576,0.0,0.875,0.10387683399999999,0.005,0.58621,0.240856686
17,0.94291576,0.0,0.875,0.10721598599999997,0.005,0.58621,0.24040959999999995
18,0.94291576,0.0,0.875,0.10316794399999998,0.005,0.58621,0.23982152999999998
19,0.94291576,0.0,0.875,0.10599851799999999,0.005,0.58621,0.24031484199999995
20,0.94291576,0.0,0.875,0.10271823199999999,0.005,0.58621,0.24118439999999997
21,0.94291576,0.0,0.875,0.096454578,0.005,0.58621,0.24229466999999996
22,0.94291576,0.0,0.875,0.11772693800000002,0.005,0.58621,0.236873866
Best Pareto front
Generation,Hypervolume,error,gate fit
4,0.94291576,0.75,0.005
4,0.94291576,0.75,0.005
4,0.94291576,0.75,0.005
4,0.94291576,0.75,0.005
4,0.94291576,0.75,0.005
4,0.94291576,0.75,0.005
4,0.94291576,0.75,0.005
4,0.94291576,0.75,0.005
4,0.94291576,0.75,0.005
4,0.94291576,0.75,0.005
4,0.94291576,0.75,0.005
4,0.94291576,0.75,0.005
4,0.94291576,0.25,0.03448
4,0.94291576,0.25,0.03448
4,0.94291576,0.25,0.03448
4,0.94291576,0.25,0.03448
4,0.94291576,0.125,0.06897
4,0.94291576,0.125,0.06897
4,0.94291576,0.125,0.06897
4,0.94291576,0.125,0.06897
4,0.94291576,0.0,0.24138
Best fitness
Objective,Generation,Error
0,3,0.0
1,2,0.005
Avg simulation runtime,Avg generation runtime
28.329565217391306,38.823043478260864
