Generation,Hypervolume,Min error,Max error,Avg error,Min gate fit,Max gate fit,Avg gate fit
0,0.5006326315999999,0.41179,1.0,0.8368658459999999,0.05,1.0,0.45559609
1,0.5118791446,0.41179,1.0,0.81357105,0.05,1.0,0.42648823199999997
2,0.5147066915,0.41179,1.0,0.79813754,0.05,1.0,0.37749141199999997
3,0.5148227879,0.41179,0.93829,0.78609795,0.05,1.0,0.33445348599999997
4,0.5248395008,0.41179,0.85791,0.7694436739999999,0.05,1.0,0.305165294
5,0.5253213388,0.41179,0.83446,0.7571671919999999,0.05,1.0,0.284642238
6,0.5333159548,0.41179,0.82322,0.7442064820000001,0.05,1.0,0.268385012
Best Pareto front
Generation,Hypervolume,error,gate fit
8,0.5333159548,0.41179,0.37931
8,0.5333159548,0.60526,0.06897
8,0.5333159548,0.47991,0.13793
8,0.5333159548,0.61461,0.05
8,0.5333159548,0.44127,0.17241
Best fitness
Objective,Generation,Error
0,2,0.41179
1,2,0.05
Avg simulation runtime,Avg generation runtime
45.37428571428571,141.64857142857142
