Generation,Hypervolume,Min error,Max error,Avg error,Min gate fit,Max gate fit,Avg gate fit
0,0.8997134225000001,0.01175,0.875,0.513354998,0.005,0.82759,0.12286978199999998
1,0.9064332124,-0.0,0.875,0.567391722,0.005,0.82759,0.108363968
2,0.9154483457999999,-0.0,0.875,0.49864515200000004,0.005,0.82759,0.19879788199999998
3,0.9202938395,-0.0,0.875,0.33501485400000003,0.005,0.7931,0.363109816
4,0.9228377738999999,-0.0,0.875,0.27144488600000005,0.005,0.86207,0.43712036199999993
5,0.9252572473999999,-0.0,0.875,0.21500414,0.005,0.68966,0.47299964600000005
6,0.9252572473999999,-0.0,0.875,0.21979563600000002,0.005,0.65517,0.427064696
7,0.9309847202,-0.0,0.875,0.09944432,0.005,0.65517,0.4254380400000001
8,0.9309847202,-0.0,0.875,0.07729536999999999,0.005,0.65517,0.41151512
9,0.9309847202,-0.0,0.875,0.06341179999999999,0.005,0.65517,0.419547288
10,0.9309847202,-0.0,0.875,0.06560972799999999,0.005,0.65517,0.419342482
11,0.9342947255,-0.0,0.875,0.06872094599999999,0.005,0.65517,0.4188872880000001
12,0.9342947255,-0.0,0.875,0.06373683200000002,0.005,0.65517,0.41974233600000005
13,0.9342947255,-0.0,0.75,0.06866491400000001,0.005,0.65517,0.419230112
14,0.9342947255,-0.0,0.875,0.069248118,0.005,0.65517,0.419663644
15,0.9342947255,-0.0,0.875,0.07919759,0.005,0.65517,0.411327484
16,0.9342947255,-0.0,0.875,0.081133632,0.005,0.65517,0.40837606800000004
17,0.9342947255,-0.0,0.875,0.089641438,0.005,0.65517,0.40379447000000007
18,0.9342947255,-0.0,0.875,0.08508694800000001,0.005,0.65517,0.40437617200000003
19,0.9342947255,-0.0,0.875,0.09967001600000001,0.005,0.65517,0.396885642
20,0.9342947255,-0.0,0.875,0.13560375800000002,0.005,0.65517,0.374634748
Best Pareto front
Generation,Hypervolume,error,gate fit
13,0.9342947255,0.75,0.005
13,0.9342947255,0.75,0.005
13,0.9342947255,0.75,0.005
13,0.9342947255,0.75,0.005
13,0.9342947255,0.75,0.005
13,0.9342947255,0.75,0.005
13,0.9342947255,0.25,0.03448
13,0.9342947255,0.25,0.03448
13,0.9342947255,0.25,0.03448
13,0.9342947255,0.25,0.03448
13,0.9342947255,0.25,0.03448
13,0.9342947255,0.25,0.03448
13,0.9342947255,0.25,0.03448
13,0.9342947255,0.125,0.06897
13,0.9342947255,-0.0,0.41379
13,0.9342947255,-0.0,0.41379
13,0.9342947255,1e-05,0.31034
Best fitness
Objective,Generation,Error
0,3,-0.0
1,2,0.005
Avg simulation runtime,Avg generation runtime
31.38285714285714,42.551428571428566
