Generation,Hypervolume,Min error,Max error,Avg error,Min gate fit,Max gate fit,Avg gate fit
0,0.47506476309999995,0.46268,1.0,0.837158972,0.005,1.0,0.45349678399999993
1,0.5041626674,0.46268,1.0,0.8128586999999999,0.005,1.0,0.427310026
2,0.5050231886,0.46268,1.0,0.7977064420000001,0.005,1.0,0.383603612
3,0.518454223,0.44392,1.0,0.787957288,0.005,1.0,0.326490018
4,0.5523537491999999,0.39222,1.0,0.773288582,0.005,1.0,0.293509674
5,0.5531339129999999,0.39222,1.0,0.7627062520000001,0.005,1.0,0.254142578
6,0.5734142537,0.38409,1.0,0.7549850300000001,0.005,1.0,0.20961396399999999
7,0.5761150065000001,0.38409,1.0,0.753616598,0.005,1.0,0.147616544
8,0.6162168833,0.3266,0.96137,0.763019512,0.005,1.0,0.07971206399999999
9,0.6222991684000002,0.3266,0.83137,0.739929724,0.005,0.96552,0.069705086
10,0.6383383379999998,0.32125,0.8158,0.709565232,0.005,0.96552,0.089712874
11,0.6445332517,0.3135,0.78661,0.69407961,0.005,0.96552,0.108294868
12,0.6445332517,0.3135,0.77152,0.6770685819999999,0.005,0.89655,0.12489788799999998
13,0.6448239796,0.31312,0.77002,0.681806196,0.005,0.86207,0.085198226
14,0.6524581662000001,0.30469,0.76975,0.661971968,0.005,0.86207,0.095940362
15,0.6529388174,0.30469,0.7695,0.661502696,0.005,0.65517,0.08231157
16,0.6550584331,0.30189,0.76927,0.698083698,0.005,0.55172,0.041909712
17,0.6550584331,0.30189,0.76912,0.726429358,0.005,0.55172,0.025437322000000002
18,0.6550584331,0.30189,0.76904,0.7495456460000001,0.005,0.44828,0.011797271999999998
19,0.6578671969000001,0.2968,0.76903,0.7681021619999999,0.005,0.44828,0.005393896
20,0.6578671969000001,0.2968,0.76903,0.7680077160000001,0.005,0.44828,0.005482552
Best Pareto front
Generation,Hypervolume,error,gate fit
21,0.6578671969000001,0.76903,0.005
21,0.6578671969000001,0.2968,0.44828
21,0.6578671969000001,0.60481,0.03448
21,0.6578671969000001,0.30469,0.27586
21,0.6578671969000001,0.46715,0.10345
21,0.6578671969000001,0.32125,0.13793
21,0.6578671969000001,0.5198,0.06897
21,0.6578671969000001,0.313,0.17241
Best fitness
Objective,Generation,Error
0,21,0.2968
1,2,0.005
Avg simulation runtime,Avg generation runtime
35.647619047619045,72.07190476190476
