Generation,Hypervolume,Min error,Max error,Avg error,Min gate fit,Max gate fit,Avg gate fit
0,0.4845660892,0.46177,0.97134,0.836537502,0.05,1.0,0.449606176
1,0.4916477168,0.46177,1.0,0.8078645999999999,0.05,1.0,0.41352006
2,0.5530567583000001,0.39035,1.0,0.786840676,0.05,1.0,0.384601214
3,0.5613209247000001,0.39035,1.0,0.771921928,0.05,1.0,0.33242637999999997
4,0.5614836703,0.39035,0.86714,0.7526456920000001,0.05,1.0,0.307133602
5,0.5693754403,0.38124,0.839,0.73618806,0.05,1.0,0.27209331400000003
6,0.5957612254000001,0.35005,0.82437,0.719819428,0.05,1.0,0.237710556
7,0.5959029382000001,0.35005,0.81564,0.699069792,0.05,1.0,0.22894468400000006
8,0.6093037124,0.33919,0.80701,0.682390466,0.05,1.0,0.19373616200000002
9,0.6235337203999999,0.32125,0.79655,0.67075799,0.05,1.0,0.15987926400000002
10,0.6235337203999999,0.32125,0.77509,0.660565882,0.05,0.96552,0.13693289600000003
11,0.6236052372999998,0.32125,0.75905,0.639278482,0.05,0.96552,0.13488593799999998
Best Pareto front
Generation,Hypervolume,error,gate fit
13,0.6236052372999998,0.46715,0.10345
13,0.6236052372999998,0.60065,0.06897
13,0.6236052372999998,0.33919,0.13793
13,0.6236052372999998,0.32125,0.2069
13,0.6236052372999998,0.60952,0.05
Best fitness
Objective,Generation,Error
0,11,0.32125
1,2,0.05
Avg simulation runtime,Avg generation runtime
32.472500000000004,77.1375
