Generation,Hypervolume,Min error,Max error,Avg error,Min gate fit,Max gate fit,Avg gate fit
0,0.44022717670000006,0.51769,1.0,0.8365009859999998,0.05,1.0,0.44527945799999996
1,0.4976176606,0.46715,1.0,0.813646164,0.05,1.0,0.41668991000000005
2,0.4978600972,0.46715,1.0,0.798412724,0.05,1.0,0.37415380400000003
3,0.4981123982,0.46715,0.98691,0.789347174,0.05,1.0,0.322631824
4,0.49894334900000004,0.46715,0.87415,0.770527218,0.05,1.0,0.300661526
5,0.49894334900000004,0.46715,0.84412,0.757971202,0.05,1.0,0.264992652
6,0.5212390652000001,0.44129,0.82941,0.7455304639999999,0.05,1.0,0.233825436
Best Pareto front
Generation,Hypervolume,error,gate fit
8,0.5212390652000001,0.46715,0.10345
8,0.5212390652000001,0.60583,0.05
8,0.5212390652000001,0.44129,0.13793
Best fitness
Objective,Generation,Error
0,8,0.44129
1,2,0.05
Avg simulation runtime,Avg generation runtime
44.34142857142857,137.13714285714283
