Generation,Hypervolume,Min error,Max error,Avg error,Min gate fit,Max gate fit,Avg gate fit
0,0.9336154696,-0.0,0.875,0.47235158,0.005,1.03448,0.17248963
1,0.93860576,-0.0,0.875,0.498385954,0.005,0.93103,0.131406716
2,0.94291576,-0.0,0.875,0.348173776,0.005,0.93103,0.19910041
3,0.94291576,-0.0,0.875,0.25673716199999996,0.005,0.7931,0.225522532
4,0.94291576,-0.0,0.875,0.13470691,0.005,0.72414,0.25971334599999996
5,0.94291576,-0.0,0.875,0.107964206,0.005,0.68966,0.25463489199999995
6,0.94291576,-0.0,0.875,0.08304984000000001,0.005,0.68966,0.26312064799999996
7,0.94291576,-0.0,0.875,0.082040432,0.005,0.65517,0.262605522
8,0.94291576,-0.0,0.875,0.08257473,0.005,0.68966,0.26158587799999994
9,0.94291576,-0.0,0.875,0.08894991799999999,0.005,0.68966,0.26402044999999996
10,0.94291576,-0.0,0.875,0.085468174,0.005,0.72414,0.26371975599999997
11,0.94291576,-0.0,0.875,0.08368037800000001,0.005,0.68966,0.263337552
12,0.94291576,-0.0,0.875,0.08018111,0.005,0.72414,0.26353847599999997
13,0.94291576,-0.0,0.875,0.083307852,0.005,0.65517,0.26485274799999997
14,0.94291576,-0.0,0.875,0.08093328600000001,0.005,0.72414,0.26341521599999995
15,0.94291576,-0.0,0.82688,0.08633184199999999,0.005,0.68966,0.26322431799999996
16,0.94291576,-0.0,0.875,0.08291812600000001,0.005,0.68966,0.26226870999999996
17,0.94291576,-0.0,0.875,0.087779306,0.005,0.68966,0.26270407199999996
18,0.94291576,-0.0,0.875,0.08093840000000001,0.005,0.68966,0.26201934799999993
19,0.94291576,-0.0,0.875,0.080599572,0.005,0.65517,0.2621749139999999
20,0.94291576,-0.0,0.875,0.08340808400000001,0.005,0.72414,0.26193179199999994
21,0.94291576,-0.0,0.875,0.083531618,0.005,0.72414,0.261731658
Best Pareto front
Generation,Hypervolume,error,gate fit
4,0.94291576,0.75,0.005
4,0.94291576,0.75,0.005
4,0.94291576,0.75,0.005
4,0.94291576,0.75,0.005
4,0.94291576,0.75,0.005
4,0.94291576,0.75,0.005
4,0.94291576,0.75,0.005
4,0.94291576,0.75,0.005
4,0.94291576,0.75,0.005
4,0.94291576,0.75,0.005
4,0.94291576,0.25,0.03448
4,0.94291576,0.25,0.03448
4,0.94291576,0.25,0.03448
4,0.94291576,0.25,0.03448
4,0.94291576,0.25,0.03448
4,0.94291576,0.25,0.03448
4,0.94291576,0.25,0.03448
4,0.94291576,0.25,0.03448
4,0.94291576,0.125,0.06897
4,0.94291576,-0.0,0.24138
Best fitness
Objective,Generation,Error
0,2,-0.0
1,2,0.005
Avg simulation runtime,Avg generation runtime
27.795,39.68772727272727
