Generation,Hypervolume,Min error,Max error,Avg error,Min gate fit,Max gate fit,Avg gate fit
0,0.5732882314,0.32125,1.0,0.8463931560000001,0.06897,1.10345,0.294489518
1,0.5747321086,0.32125,1.0,0.823993534,0.06897,0.96552,0.27182079600000003
2,0.5747321086,0.32125,1.0,0.806651488,0.06897,0.96552,0.251600352
3,0.5747327982,0.32125,1.0,0.797598398,0.06897,0.96552,0.23093867399999998
4,0.5747327982,0.32125,1.0,0.8011597880000001,0.06897,0.96552,0.201139494
5,0.5747327982,0.32125,1.0,0.812242276,0.06897,0.96552,0.17918132999999997
6,0.5747327982,0.32125,1.0,0.8248483659999998,0.06897,0.96552,0.167209282
7,0.5747327982,0.32125,1.0,0.8266067299999998,0.06897,0.96552,0.16678859199999999
8,0.5747327982,0.32125,1.0,0.8267957439999998,0.06897,0.96552,0.16702994799999998
9,0.5747665935,0.32125,1.0,0.8259804099999999,0.06897,0.96552,0.166885128
10,0.5747665935,0.32125,1.0,0.8262201979999998,0.06897,0.96552,0.166850634
11,0.5747665935,0.32125,1.0,0.827365606,0.06897,0.96552,0.166878262
12,0.5747665935,0.32125,1.0,0.8250168959999999,0.06897,0.96552,0.16671962399999998
13,0.5747665935,0.32125,1.0,0.8259019139999999,0.06897,0.96552,0.166443744
14,0.5747665935,0.32125,1.0,0.8266602599999998,0.06897,0.96552,0.166981662
15,0.5747665935,0.32125,1.0,0.8259415139999999,0.06897,0.96552,0.16716097600000002
16,0.5747665935,0.32125,1.0,0.825825432,0.06897,0.96552,0.166919586
17,0.5747665935,0.32125,1.0,0.8266648279999997,0.06897,0.96552,0.16647135
18,0.5747665935,0.32125,1.0,0.8259029439999999,0.06897,0.96552,0.16751956
Best Pareto front
Generation,Hypervolume,error,gate fit
11,0.5747665935,0.82322,0.06897
11,0.5747665935,0.82322,0.06897
11,0.5747665935,0.82322,0.06897
11,0.5747665935,0.82322,0.06897
11,0.5747665935,0.82322,0.06897
11,0.5747665935,0.82322,0.06897
11,0.5747665935,0.82322,0.06897
11,0.5747665935,0.46715,0.2069
11,0.5747665935,0.46715,0.2069
11,0.5747665935,0.46715,0.2069
11,0.5747665935,0.46715,0.2069
11,0.5747665935,0.46715,0.2069
11,0.5747665935,0.46715,0.2069
11,0.5747665935,0.32125,0.24138
11,0.5747665935,0.32125,0.24138
11,0.5747665935,0.76903,0.10345
11,0.5747665935,0.76903,0.10345
11,0.5747665935,0.60475,0.13793
Best fitness
Objective,Generation,Error
0,2,0.32125
1,2,0.06897
Avg simulation runtime,Avg generation runtime
21.14,47.158947368421046
