Generation,Hypervolume,Min error,Max error,Avg error,Min gate fit,Max gate fit,Avg gate fit
0,0.40742860999999997,0.50627,0.99208,0.838215886,0.05,1.0,0.45654401399999994
1,0.4121093379,0.50627,1.0,0.8153628079999999,0.05,1.0,0.42758240200000003
2,0.4134072574,0.50627,1.0,0.8010364679999998,0.05,1.0,0.37213386600000004
3,0.48060763250000005,0.47891,0.90164,0.786218558,0.05,1.0,0.33314424600000003
4,0.6177930597,0.30313,0.85033,0.7709505859999999,0.05,1.0,0.31159261399999993
5,0.6179766892999999,0.30313,0.83291,0.75735451,0.05,1.0,0.283553018
6,0.6179766892999999,0.30313,0.824,0.745378884,0.05,1.0,0.250419948
Best Pareto front
Generation,Hypervolume,error,gate fit
7,0.6179766892999999,0.47891,0.17241
7,0.6179766892999999,0.55453,0.06897
7,0.6179766892999999,0.30313,0.24138
7,0.6179766892999999,0.62396,0.05
Best fitness
Objective,Generation,Error
0,6,0.30313
1,2,0.05
Avg simulation runtime,Avg generation runtime
43.33,138.6757142857143
