Generation,Hypervolume,Min error,Max error,Avg error,Min gate fit,Max gate fit,Avg gate fit
0,0.93429576,-0.0,0.875,0.48534511199999997,0.005,0.93103,0.15376778
1,0.9386057600000001,-0.0,0.875,0.48638479800000006,0.005,0.89655,0.150747482
2,0.94291576,-0.0,0.875,0.36522167600000005,0.005,0.89655,0.183721182
3,0.94291576,-0.0,0.875,0.10476557399999999,0.005,0.68966,0.25130838999999994
4,0.94291576,-0.0,0.875,0.07454557399999999,0.005,0.41379,0.24974138599999995
5,0.94291576,-0.0,0.75,0.074357778,0.005,0.37931,0.24878780199999997
6,0.94291576,-0.0,0.875,0.074961688,0.005,0.37931,0.24792096199999997
7,0.94291576,-0.0,0.75,0.073786148,0.005,0.41379,0.249045056
8,0.94291576,-0.0,0.875,0.07841398399999999,0.005,0.41379,0.24816241799999997
9,0.94291576,-0.0,0.875,0.080061724,0.005,0.41379,0.24764921799999992
10,0.94291576,-0.0,0.875,0.072667414,0.005,0.37931,0.24759988599999996
11,0.94291576,-0.0,0.875,0.073984378,0.005,0.41379,0.24760290399999996
12,0.94291576,-0.0,0.875,0.07403913,0.005,0.37931,0.24706480999999994
13,0.94291576,-0.0,0.875,0.08096840599999999,0.005,0.41379,0.24715549999999994
14,0.94291576,-0.0,0.875,0.08193621200000001,0.005,0.37931,0.24484562799999995
15,0.94291576,-0.0,0.875,0.08534837799999999,0.005,0.37931,0.24286866599999993
16,0.94291576,-0.0,0.875,0.082694258,0.005,0.41379,0.24349714599999997
17,0.94291576,-0.0,0.875,0.07213858199999999,0.005,0.41379,0.24742510199999998
18,0.94291576,-0.0,0.75,0.082543728,0.005,0.41379,0.24475495199999997
19,0.94291576,-0.0,0.75,0.081257026,0.005,0.41379,0.24507921199999996
20,0.94291576,-0.0,0.875,0.085223718,0.005,0.41379,0.24483200199999997
21,0.94291576,-0.0,0.875,0.08022404,0.005,0.37931,0.24573409399999996
Best Pareto front
Generation,Hypervolume,error,gate fit
4,0.94291576,0.75,0.005
4,0.94291576,0.75,0.005
4,0.94291576,0.75,0.005
4,0.94291576,0.75,0.005
4,0.94291576,0.75,0.005
4,0.94291576,0.75,0.005
4,0.94291576,0.75,0.005
4,0.94291576,0.75,0.005
4,0.94291576,0.25,0.03448
4,0.94291576,0.25,0.03448
4,0.94291576,0.25,0.03448
4,0.94291576,0.25,0.03448
4,0.94291576,0.25,0.03448
4,0.94291576,0.25,0.03448
4,0.94291576,-0.0,0.24138
4,0.94291576,-0.0,0.24138
4,0.94291576,0.125,0.06897
Best fitness
Objective,Generation,Error
0,2,-0.0
1,2,0.005
Avg simulation runtime,Avg generation runtime
28.162272727272736,39.42681818181818
