Generation,Hypervolume,Min error,Max error,Avg error,Min gate fit,Max gate fit,Avg gate fit
0,0.44556258,0.52056,1.0,0.838739064,0.005,1.0,0.44925560000000003
1,0.45228040469999997,0.49053,1.0,0.8149474640000001,0.005,1.0,0.41653815600000005
2,0.6318545967,0.29715,1.0,0.799411152,0.005,1.0,0.371452178
3,0.6455048242,0.29715,1.0,0.7903694059999999,0.005,1.0,0.30990341600000004
4,0.6469046198,0.29715,1.0,0.775518892,0.005,1.0,0.26258844800000003
5,0.6469046198,0.29715,1.0,0.7680793499999999,0.005,1.0,0.21385990200000002
6,0.6477225974999999,0.29715,1.0,0.764210222,0.005,1.0,0.1522058
7,0.6477225974999999,0.29715,0.88765,0.76037013,0.005,1.0,0.08047263199999999
8,0.6587176114999999,0.28332,0.82562,0.7458616699999999,0.005,1.0,0.059998843999999996
9,0.6641074515999998,0.28332,0.80658,0.73233341,0.005,1.0,0.059554516
10,0.6657293253999998,0.28332,0.77152,0.7621613119999999,0.005,0.75862,0.01047499
11,0.6714974664,0.27887,0.77152,0.7511602659999999,0.005,0.75862,0.017456017999999997
12,0.6715230712000001,0.27887,0.77152,0.728929652,0.005,0.75862,0.03182235
13,0.6715333151999999,0.27887,0.77152,0.6932594980000001,0.005,0.75862,0.05839284199999999
14,0.6715346447,0.27887,0.77134,0.640728502,0.005,0.82759,0.094150818
15,0.6774360526999998,0.27143,0.77049,0.594874192,0.005,0.89655,0.116733962
16,0.6809606190999999,0.26699,0.76969,0.579357538,0.005,0.89655,0.12134896800000002
17,0.6901896022999999,0.2558,0.76935,0.59202659,0.005,0.89655,0.10681549599999998
18,0.6901896022999999,0.2558,0.7692,0.6291501199999999,0.005,0.34483,0.057156816000000006
19,0.6930152383,0.2558,0.76912,0.6501960299999999,0.005,0.31034,0.04622137800000001
Best Pareto front
Generation,Hypervolume,error,gate fit
21,0.6930152383,0.46715,0.10345
21,0.6930152383,0.27887,0.17241
21,0.6930152383,0.60474,0.03448
21,0.6930152383,0.76903,0.005
21,0.6930152383,0.2558,0.2069
21,0.6930152383,0.56306,0.06897
21,0.6930152383,0.30787,0.13793
Best fitness
Objective,Generation,Error
0,19,0.2558
1,2,0.005
Avg simulation runtime,Avg generation runtime
39.16250000000001,75.35749999999999
