Generation,Hypervolume,Min error,Max error,Avg error,Min gate fit,Max gate fit,Avg gate fit
0,0.44841811299999995,0.5,1.0,0.8360992620000001,0.06897,1.27586,0.298931042
1,0.44841811299999995,0.5,1.0,0.810301366,0.06897,1.27586,0.24746985
2,0.44841811299999995,0.5,1.0,0.78970085,0.06897,1.27586,0.194705318
3,0.44841811299999995,0.5,1.0,0.780635514,0.06897,1.27586,0.189643188
4,0.44841811299999995,0.5,1.0,0.769015668,0.06897,1.31034,0.195235862
5,0.44841811299999995,0.5,1.0,0.748935822,0.06897,1.27586,0.20426966200000002
6,0.452728113,0.5,1.0,0.747082338,0.06897,1.31034,0.20374554400000003
7,0.452728113,0.5,1.0,0.7480948040000001,0.06897,1.27586,0.204097246
8,0.452728113,0.5,1.0,0.7458479859999999,0.06897,1.27586,0.203366268
9,0.452728113,0.5,1.0,0.745899804,0.06897,1.27586,0.20310419600000001
10,0.452728113,0.5,1.0,0.743294556,0.06897,1.27586,0.20269041200000001
11,0.452728113,0.5,1.0,0.744014678,0.06897,1.27586,0.20269036
12,0.452728113,0.5,1.0,0.74331945,0.06897,1.31034,0.20249043
13,0.452728113,0.5,1.0,0.744711324,0.06897,1.27586,0.20264900600000002
14,0.452728113,0.5,1.0,0.742103852,0.06897,1.27586,0.20269732
15,0.452728113,0.5,1.0,0.741968916,0.06897,1.27586,0.20273863600000003
16,0.452728113,0.5,1.0,0.741624424,0.06897,1.31034,0.20353865599999998
17,0.452728113,0.5,1.0,0.740731052,0.06897,1.27586,0.203738688
18,0.452728113,0.5,1.0,0.740010976,0.06897,1.27586,0.203138684
19,0.452728113,0.5,1.0,0.740644578,0.06897,1.27586,0.20296624000000002
20,0.452728113,0.5,1.0,0.740727534,0.06897,1.27586,0.20435936200000002
21,0.452728113,0.5,1.0,0.7394788780000001,0.06897,1.27586,0.202752468
22,0.452728113,0.5,1.0,0.740605206,0.06897,1.27586,0.20316625800000002
Best Pareto front
Generation,Hypervolume,error,gate fit
8,0.452728113,0.625,0.10345
8,0.452728113,0.625,0.10345
8,0.452728113,0.625,0.10345
8,0.452728113,0.625,0.10345
8,0.452728113,0.625,0.10345
8,0.452728113,0.625,0.10345
8,0.452728113,0.625,0.10345
8,0.452728113,0.625,0.10345
8,0.452728113,0.75,0.06897
8,0.452728113,0.75,0.06897
8,0.452728113,0.75,0.06897
8,0.452728113,0.75,0.06897
8,0.452728113,0.75,0.06897
8,0.452728113,0.75,0.06897
8,0.452728113,0.75,0.06897
8,0.452728113,0.75,0.06897
8,0.452728113,0.75,0.06897
8,0.452728113,0.5,0.13793
Best fitness
Objective,Generation,Error
0,2,0.5
1,2,0.06897
Avg simulation runtime,Avg generation runtime
23.323478260869564,38.05391304347826
