Generation,Hypervolume,Min error,Max error,Avg error,Min gate fit,Max gate fit,Avg gate fit
0,0.890879356,0.0256,0.875,0.508389652,0.005,1.03448,0.137241426
1,0.890879356,0.0256,0.875,0.602808726,0.005,0.93103,0.05759568400000001
2,0.898616668,0.0256,0.875,0.563245578,0.005,0.82759,0.054118442
3,0.898616668,0.0256,0.875,0.5556011980000001,0.005,0.96552,0.05520802599999999
4,0.9160667202,0.00019,0.875,0.5529800100000001,0.005,0.89655,0.05528081199999999
5,0.9232421012,0.00019,0.875,0.5415246960000001,0.005,0.75862,0.061128502
6,0.9256548545,0.0,0.875,0.428938684,0.005,0.7931,0.182865452
7,0.9256738204,0.0,0.875,0.37221724799999995,0.005,0.96552,0.18006334
8,0.92567451,0.0,0.875,0.26260785400000003,0.005,0.72414,0.25546620000000003
9,0.92567451,0.0,0.875,0.194164374,0.005,0.65517,0.291984676
10,0.92998576,0.0,0.875,0.117096336,0.005,0.68966,0.336922956
11,0.93429576,-0.0,0.875,0.14037576400000001,0.005,0.65517,0.32232718
12,0.9386057600000001,-0.0,0.875,0.15507036999999999,0.005,0.75862,0.302783996
13,0.9386057600000001,-0.0,0.875,0.146244268,0.005,0.86207,0.2918697
14,0.9386057600000001,-0.0,0.875,0.141057856,0.005,0.75862,0.286755046
15,0.9386057600000001,-0.0,0.875,0.101485924,0.005,0.58621,0.271092008
16,0.9386057600000001,-0.0,0.875,0.08169622199999999,0.005,0.58621,0.26011001199999995
17,0.9386057600000001,-0.0,0.875,0.07464729599999999,0.005,0.55172,0.261708548
18,0.9386057600000001,-0.0,0.75,0.070153308,0.005,0.65517,0.26203955799999995
19,0.9386057600000001,-0.0,0.75,0.07151131999999999,0.005,0.65517,0.2616257799999999
20,0.9386057600000001,-0.0,0.875,0.07369705200000001,0.005,0.58621,0.26223953999999994
21,0.9386057600000001,-0.0,0.875,0.071787562,0.005,0.65517,0.262770578
Best Pareto front
Generation,Hypervolume,error,gate fit
14,0.9386057600000001,0.75,0.005
14,0.9386057600000001,0.75,0.005
14,0.9386057600000001,0.75,0.005
14,0.9386057600000001,0.75,0.005
14,0.9386057600000001,0.75,0.005
14,0.9386057600000001,0.25,0.03448
14,0.9386057600000001,0.25,0.03448
14,0.9386057600000001,0.25,0.03448
14,0.9386057600000001,0.25,0.03448
14,0.9386057600000001,0.25,0.03448
14,0.9386057600000001,0.125,0.10345
14,0.9386057600000001,-0.0,0.24138
Best fitness
Objective,Generation,Error
0,8,0.0
1,2,0.005
Avg simulation runtime,Avg generation runtime
28.254545454545454,40.48409090909091
