Generation,Hypervolume,Min error,Max error,Avg error,Min gate fit,Max gate fit,Avg gate fit
0,0.9299845099999999,-0.0,0.875,0.495206774,0.005,0.93103,0.145815964
1,0.94291576,-0.0,0.875,0.338011018,0.005,0.86207,0.217450326
2,0.94291576,-0.0,0.875,0.28216916400000003,0.005,0.75862,0.23427218599999997
3,0.94291576,-0.0,0.875,0.271145914,0.005,0.75862,0.213407842
4,0.94291576,-0.0,0.875,0.237436712,0.005,0.65517,0.21260685199999999
5,0.94291576,-0.0,0.875,0.22129190799999995,0.005,0.65517,0.22293394
6,0.94291576,-0.0,0.875,0.21567607799999997,0.005,0.65517,0.22587115
7,0.94291576,-0.0,0.875,0.220922462,0.005,0.65517,0.22240721800000002
8,0.94291576,-0.0,0.875,0.22305641599999998,0.005,0.65517,0.22393543199999993
9,0.94291576,-0.0,0.875,0.22316016600000002,0.005,0.68966,0.22402850600000002
10,0.94291576,-0.0,0.875,0.22493501800000004,0.005,0.65517,0.22394484399999998
11,0.94291576,-0.0,0.875,0.221811244,0.005,0.65517,0.22252293799999998
12,0.94291576,-0.0,0.875,0.22222914600000004,0.005,0.65517,0.22493530399999995
13,0.94291576,-0.0,0.875,0.22264893599999996,0.005,0.65517,0.22399743599999997
14,0.94291576,-0.0,0.875,0.22401515800000002,0.005,0.65517,0.22205139399999999
15,0.94291576,-0.0,0.875,0.219978116,0.005,0.65517,0.223108274
16,0.94291576,-0.0,0.875,0.21509532399999998,0.005,0.68966,0.22569603199999996
17,0.94291576,-0.0,0.875,0.22574085400000005,0.005,0.65517,0.22275703799999996
18,0.94291576,-0.0,0.875,0.216563308,0.005,0.65517,0.22521718599999999
19,0.94291576,-0.0,0.875,0.22181845199999997,0.005,0.65517,0.22572041999999998
20,0.94291576,-0.0,0.875,0.22029498000000003,0.005,0.65517,0.223789794
21,0.94291576,-0.0,0.875,0.21942492600000005,0.005,0.65517,0.22461265599999997
22,0.94291576,-0.0,0.875,0.22227080000000005,0.005,0.65517,0.22311357799999995
Best Pareto front
Generation,Hypervolume,error,gate fit
3,0.94291576,0.75,0.005
3,0.94291576,0.75,0.005
3,0.94291576,0.75,0.005
3,0.94291576,0.75,0.005
3,0.94291576,0.75,0.005
3,0.94291576,0.75,0.005
3,0.94291576,0.75,0.005
3,0.94291576,0.75,0.005
3,0.94291576,0.25,0.03448
3,0.94291576,0.25,0.03448
3,0.94291576,0.25,0.03448
3,0.94291576,0.25,0.03448
3,0.94291576,0.25,0.03448
3,0.94291576,0.25,0.03448
3,0.94291576,0.25,0.03448
3,0.94291576,0.125,0.06897
3,0.94291576,0.125,0.06897
3,0.94291576,-0.0,0.24138
Best fitness
Objective,Generation,Error
0,2,-0.0
1,2,0.005
Avg simulation runtime,Avg generation runtime
25.53434782608696,37.64521739130436
