Generation,Hypervolume,Min error,Max error,Avg error,Min gate fit,Max gate fit,Avg gate fit
0,0.9276182765,-0.0,0.875,0.498838898,0.005,0.89655,0.15223004999999998
1,0.93232662,-0.0,0.875,0.4537361000000001,0.005,0.82759,0.201447364
2,0.9324062785999999,-0.0,0.875,0.336633794,0.005,0.7931,0.320164154
3,0.9324290354,-0.0,0.875,0.27194415600000005,0.005,0.7931,0.345662724
4,0.9324628258,-0.0,0.875,0.227063832,0.005,0.7931,0.363065014
5,0.9327504724,-0.0,0.875,0.31551465,0.005,0.65517,0.27982415600000005
6,0.9335631954999999,-0.0,0.875,0.20107254600000002,0.005,0.68966,0.345986282
7,0.9335631954999999,-0.0,0.875,0.16481102,0.005,0.65517,0.34844006999999994
8,0.9385736905,-0.0,0.875,0.131371168,0.005,0.65517,0.3581950119999999
9,0.9385736905,-0.0,0.875,0.07776794,0.005,0.65517,0.38630576999999994
10,0.9385736905,-0.0,0.875,0.079729914,0.005,0.65517,0.3835906799999999
11,0.9385736905,-0.0,0.875,0.078084224,0.005,0.65517,0.38326073399999994
12,0.9385736905,-0.0,0.875,0.07725288400000001,0.005,0.68966,0.38445574199999993
13,0.9385736905,-0.0,0.875,0.07647948600000001,0.005,0.65517,0.3837758599999999
14,0.9385736905,-0.0,0.875,0.07939335400000001,0.005,0.65517,0.3830941159999999
15,0.9385736905,-0.0,0.875,0.07864651,0.005,0.65517,0.38266059799999996
16,0.9385736905,-0.0,0.875,0.075396348,0.005,0.65517,0.384965864
17,0.9385736905,-0.0,0.875,0.081846552,0.005,0.62069,0.38370388799999994
18,0.9385736905,-0.0,0.875,0.079088038,0.005,0.68966,0.3834892099999999
Best Pareto front
Generation,Hypervolume,error,gate fit
10,0.9385736905,0.25,0.03448
10,0.9385736905,0.25,0.03448
10,0.9385736905,0.25,0.03448
10,0.9385736905,0.25,0.03448
10,0.9385736905,0.25,0.03448
10,0.9385736905,0.25,0.03448
10,0.9385736905,0.25,0.03448
10,0.9385736905,0.75,0.005
10,0.9385736905,0.75,0.005
10,0.9385736905,0.75,0.005
10,0.9385736905,0.75,0.005
10,0.9385736905,0.75,0.005
10,0.9385736905,0.75,0.005
10,0.9385736905,0.75,0.005
10,0.9385736905,0.75,0.005
10,0.9385736905,0.125,0.06897
10,0.9385736905,-0.0,0.37931
10,0.9385736905,-0.0,0.37931
10,0.9385736905,0.00031,0.27586
Best fitness
Objective,Generation,Error
0,2,-0.0
1,2,0.005
Avg simulation runtime,Avg generation runtime
32.38526315789474,45.35631578947369
