Generation,Hypervolume,Min error,Max error,Avg error,Min gate fit,Max gate fit,Avg gate fit
0,0.9255989915,-0.0,0.875,0.46926787999999997,0.005,0.96552,0.171361452
1,0.9422788577,-0.0,0.875,0.31472162200000003,0.005,0.82759,0.26379218800000004
2,0.9422788577,-0.0,0.875,0.187324544,0.005,0.82759,0.35336871799999997
3,0.9423040280999999,-0.0,0.875,0.21332210400000004,0.005,0.82759,0.36755955200000007
4,0.9425247567999999,-0.0,0.875,0.259328812,0.005,0.82759,0.329154424
5,0.9427202584,-0.0,0.875,0.270016782,0.005,0.82759,0.307911162
6,0.94291576,-0.0,0.875,0.26267057800000004,0.005,0.82759,0.299572004
7,0.94291576,-0.0,0.875,0.26212423,0.005,0.82759,0.29338879
8,0.94291576,-0.0,0.875,0.24602101199999998,0.005,0.82759,0.31462731400000005
9,0.94291576,-0.0,0.875,0.245201646,0.005,0.82759,0.310343864
10,0.94291576,-0.0,0.875,0.237415352,0.005,0.82759,0.313211564
11,0.94291576,-0.0,0.875,0.24342197200000001,0.005,0.82759,0.31266994
12,0.94291576,-0.0,0.875,0.23717078000000003,0.005,0.82759,0.31224814600000006
13,0.94291576,-0.0,0.875,0.233788458,0.005,0.82759,0.311198756
14,0.94291576,-0.0,0.875,0.240569934,0.005,0.82759,0.309425834
15,0.94291576,-0.0,0.875,0.23932048599999997,0.005,0.82759,0.31005710400000003
16,0.94291576,-0.0,0.875,0.24372999799999998,0.005,0.82759,0.31160687600000003
17,0.94291576,-0.0,0.875,0.23874622399999998,0.005,0.82759,0.31228617
18,0.94291576,-0.0,0.875,0.234958002,0.005,0.82759,0.31280987800000004
19,0.9470302583999999,-0.0,0.875,0.23818494199999996,0.005,0.82759,0.31350435
Best Pareto front
Generation,Hypervolume,error,gate fit
21,0.9470302583999999,0.25,0.03448
21,0.9470302583999999,0.25,0.03448
21,0.9470302583999999,0.25,0.03448
21,0.9470302583999999,0.25,0.03448
21,0.9470302583999999,0.25,0.03448
21,0.9470302583999999,0.25,0.03448
21,0.9470302583999999,0.25,0.03448
21,0.9470302583999999,0.25,0.03448
21,0.9470302583999999,0.75,0.005
21,0.9470302583999999,0.75,0.005
21,0.9470302583999999,0.75,0.005
21,0.9470302583999999,0.75,0.005
21,0.9470302583999999,0.75,0.005
21,0.9470302583999999,0.75,0.005
21,0.9470302583999999,0.75,0.005
21,0.9470302583999999,0.125,0.06897
21,0.9470302583999999,0.125,0.06897
21,0.9470302583999999,-0.0,0.24138
21,0.9470302583999999,-0.0,0.24138
21,0.9470302583999999,0.00567,0.2069
Best fitness
Objective,Generation,Error
0,2,-0.0
1,2,0.005
Avg simulation runtime,Avg generation runtime
30.605499999999996,43.038
