Generation,Hypervolume,Min error,Max error,Avg error,Min gate fit,Max gate fit,Avg gate fit
0,0.9395132208,-0.0,0.875,0.48530914,0.005,0.89655,0.169572156
1,0.9395132208,-0.0,0.875,0.524847662,0.005,0.89655,0.13206828999999998
2,0.9410045015999999,-0.0,0.875,0.234769812,0.005,0.89655,0.30082561799999996
3,0.9410045015999999,-0.0,0.875,0.14642459000000002,0.005,0.65517,0.3367683959999999
4,0.9410045015999999,-0.0,0.875,0.096723296,0.005,0.51724,0.36539663799999994
5,0.9410045015999999,-0.0,0.875,0.099242124,0.005,0.55172,0.3679489339999999
6,0.9410045015999999,-0.0,0.875,0.09760071000000001,0.005,0.51724,0.36674727199999996
7,0.9410869087999999,-0.0,0.87482,0.099991916,0.005,0.48276,0.36235689199999993
8,0.9411506968,0.0,0.875,0.11562571599999999,0.005,0.58621,0.357729286
9,0.9412610647999999,0.0,0.875,0.20330553599999998,0.005,0.51724,0.34708306399999994
10,0.9412610647999999,0.0,0.875,0.135073208,0.005,0.51724,0.34068994599999997
11,0.94291576,-0.0,0.875,0.136863558,0.005,0.51724,0.32603921999999996
12,0.94291576,-0.0,0.875,0.110071298,0.005,0.51724,0.29498859599999994
13,0.94291576,-0.0,0.875,0.131652358,0.005,0.51724,0.271980844
14,0.94291576,-0.0,0.875,0.08423407999999999,0.005,0.51724,0.2532222479999999
15,0.94291576,-0.0,0.875,0.075465858,0.005,0.51724,0.2501630999999999
16,0.94291576,-0.0,0.875,0.073882392,0.005,0.48276,0.251371574
17,0.94291576,-0.0,0.875,0.07417528999999999,0.005,0.44828,0.252113174
18,0.94291576,-0.0,0.875,0.070400622,0.005,0.44828,0.25107194999999993
19,0.94291576,-0.0,0.75,0.07429723800000002,0.005,0.51724,0.25092419999999993
20,0.94291576,-0.0,0.875,0.074868346,0.005,0.48276,0.251307518
Best Pareto front
Generation,Hypervolume,error,gate fit
13,0.94291576,0.75,0.005
13,0.94291576,0.75,0.005
13,0.94291576,0.75,0.005
13,0.94291576,0.75,0.005
13,0.94291576,0.75,0.005
13,0.94291576,0.75,0.005
13,0.94291576,0.75,0.005
13,0.94291576,0.75,0.005
13,0.94291576,0.25,0.03448
13,0.94291576,0.25,0.03448
13,0.94291576,0.25,0.03448
13,0.94291576,0.25,0.03448
13,0.94291576,0.25,0.03448
13,0.94291576,0.25,0.03448
13,0.94291576,0.25,0.03448
13,0.94291576,0.25,0.03448
13,0.94291576,0.125,0.06897
13,0.94291576,-0.0,0.24138
Best fitness
Objective,Generation,Error
0,2,-0.0
1,2,0.005
Avg simulation runtime,Avg generation runtime
30.989047619047614,42.64857142857142
