Generation,Hypervolume,Min error,Max error,Avg error,Min gate fit,Max gate fit,Avg gate fit
0,0.8913330903000001,0.04387,0.875,0.500314624,0.005,0.86207,0.13818716
1,0.8956430903000001,0.04387,0.875,0.591679062,0.005,0.72414,0.06216350600000001
2,0.9064531752999999,0.03772,0.875,0.5964298880000001,0.005,0.75862,0.042146670000000004
3,0.9065621331,0.03772,0.875,0.586048264,0.005,1.0,0.048257426
4,0.9252294019999999,-0.0,0.875,0.58226979,0.005,1.03448,0.05369269
5,0.9328308371999999,-0.0,0.875,0.575284346,0.005,0.93103,0.06271243400000001
6,0.934140585,-0.0,0.875,0.561668772,0.005,0.93103,0.07531669200000002
7,0.934140585,-0.0,0.875,0.548662274,0.005,0.82759,0.080699632
8,0.934192305,-0.0,0.875,0.274479642,0.005,0.86207,0.30419657
9,0.934192305,-0.0,0.875,0.18306591400000002,0.005,0.96552,0.34261860000000005
10,0.934192305,-0.0,0.875,0.128816928,0.005,0.68966,0.374536626
11,0.934192305,-0.0,0.875,0.10117136599999998,0.005,0.65517,0.380721174
12,0.934192305,-0.0,0.875,0.085526478,0.005,0.62069,0.3781399199999999
13,0.934192305,-0.0,0.75,0.077565076,0.005,0.65517,0.385619626
14,0.934192305,-0.0,0.875,0.07230484599999999,0.005,0.62069,0.38572117399999994
15,0.934192305,-0.0,0.875,0.072669646,0.005,0.62069,0.38583834599999994
16,0.934192305,-0.0,0.875,0.073546824,0.005,0.62069,0.3847844199999999
17,0.934192305,-0.0,0.875,0.08079067200000001,0.005,0.62069,0.38159692799999995
18,0.934192305,-0.0,0.875,0.078089726,0.005,0.62069,0.3822006979999999
19,0.934192305,-0.0,0.875,0.081581196,0.005,0.65517,0.37985519599999995
Best Pareto front
Generation,Hypervolume,error,gate fit
10,0.934192305,0.75,0.005
10,0.934192305,0.75,0.005
10,0.934192305,0.75,0.005
10,0.934192305,0.75,0.005
10,0.934192305,0.75,0.005
10,0.934192305,0.75,0.005
10,0.934192305,0.75,0.005
10,0.934192305,0.75,0.005
10,0.934192305,0.75,0.005
10,0.934192305,0.75,0.005
10,0.934192305,0.25,0.03448
10,0.934192305,0.25,0.03448
10,0.934192305,0.25,0.03448
10,0.934192305,0.25,0.03448
10,0.934192305,0.25,0.03448
10,0.934192305,0.25,0.03448
10,0.934192305,0.125,0.06897
10,0.934192305,0.0015,0.31034
10,0.934192305,-0.0,0.37931
Best fitness
Objective,Generation,Error
0,6,-0.0
1,2,0.005
Avg simulation runtime,Avg generation runtime
30.648500000000002,43.592
