Generation,Hypervolume,Min error,Max error,Avg error,Min gate fit,Max gate fit,Avg gate fit
0,0.44817997,0.47064,1.0,0.8390886279999998,0.05,1.0,0.45090399200000003
1,0.4787091275,0.47064,1.0,0.8146744280000001,0.05,1.0,0.41529893599999995
2,0.48161786030000003,0.47064,1.0,0.798777892,0.05,1.0,0.371916936
3,0.5066450076,0.43107,0.93381,0.7867059000000001,0.05,1.0,0.32345799
4,0.5068405092,0.43107,0.85872,0.770896374,0.05,1.0,0.304620756
5,0.5086869853999999,0.43107,0.83415,0.7574657459999999,0.05,1.0,0.277140488
6,0.5089990294,0.43107,0.82349,0.7449070659999999,0.05,1.0,0.256952934
Best Pareto front
Generation,Hypervolume,error,gate fit
8,0.5089990294,0.49125,0.17241
8,0.5089990294,0.43107,0.41379
8,0.5089990294,0.58097,0.06897
8,0.5089990294,0.5375,0.13793
8,0.5089990294,0.61111,0.05
8,0.5089990294,0.4822,0.37931
Best fitness
Objective,Generation,Error
0,5,0.43107
1,2,0.05
Avg simulation runtime,Avg generation runtime
45.08428571428571,139.3385714285714
