Generation,Hypervolume,Min error,Max error,Avg error,Min gate fit,Max gate fit,Avg gate fit
0,0.4298172665,0.52261,1.0,0.8377473100000001,0.05,1.0,0.454755268
1,0.5043660632,0.44204,1.0,0.814374006,0.05,1.0,0.42374983600000005
2,0.5061628097,0.44204,1.0,0.799289308,0.05,1.0,0.37499752599999997
3,0.5317717761999999,0.41466,0.95465,0.786492742,0.05,1.0,0.327386882
4,0.5382876687,0.40659,0.85617,0.77043934,0.05,1.0,0.297761402
5,0.5561745762999999,0.39653,0.83175,0.756571886,0.05,1.0,0.264066348
6,0.5561745762999999,0.39653,0.82322,0.741740972,0.05,1.0,0.241687724
Best Pareto front
Generation,Hypervolume,error,gate fit
7,0.5561745762999999,0.61908,0.05
7,0.5561745762999999,0.39653,0.13793
7,0.5561745762999999,0.58585,0.06897
Best fitness
Objective,Generation,Error
0,7,0.39653
1,2,0.05
Avg simulation runtime,Avg generation runtime
42.4,130.88
