Generation,Hypervolume,Min error,Max error,Avg error,Min gate fit,Max gate fit,Avg gate fit
0,0.9201107457,0.01197,0.875,0.471359288,0.005,0.82759,0.16218421600000002
1,0.9271222079,0.01197,0.875,0.63196738,0.005,0.75862,0.053566394
2,0.9333518451,0.00417,0.875,0.686192396,0.005,0.82759,0.036135204
3,0.9402396867,0.00417,0.875,0.670677048,0.005,0.75862,0.046160274
4,0.9426955917,0.00327,0.875,0.6684797419999999,0.005,0.75862,0.046649760000000005
5,0.9442719968,0.00129,0.875,0.6556662360000001,0.005,0.75862,0.048815322
6,0.9453155471999999,0.00013,0.875,0.6649834,0.005,0.75862,0.04453452
7,0.9459010236999998,9e-05,0.875,0.64756385,0.005,0.75862,0.05260909200000001
8,0.9470323176,6e-05,0.875,0.603905052,0.005,0.75862,0.072393146
9,0.9471774784,6e-05,0.875,0.36533792800000003,0.005,0.75862,0.153063822
10,0.9472005848,3e-05,0.875,0.220408124,0.005,0.55172,0.183644184
11,0.9472098959999999,2e-05,0.875,0.10390271400000002,0.005,0.55172,0.208398354
12,0.9472178279999999,1e-05,0.875,0.125488408,0.005,0.55172,0.195541428
13,0.9472178279999999,1e-05,0.875,0.106430738,0.005,0.55172,0.202425128
14,0.94722576,0.0,0.875,0.07683675000000001,0.005,0.55172,0.20768016800000005
15,0.94722576,0.0,0.75,0.059809032000000005,0.005,0.55172,0.21075408400000006
16,0.94722576,0.0,0.875,0.053461316,0.005,0.51724,0.21383712000000005
17,0.94722576,0.0,0.75,0.040120092,0.005,0.48276,0.21752696000000005
18,0.94722576,0.0,0.875,0.03871551200000001,0.005,0.44828,0.21720179800000006
19,0.94722576,0.0,0.75,0.040294036,0.005,0.44828,0.21761555800000004
20,0.94722576,0.0,0.75,0.04270118,0.005,0.44828,0.217008676
21,0.94722576,0.0,0.75,0.041697676,0.005,0.44828,0.21687077600000002
22,0.94722576,0.0,0.875,0.041642082000000004,0.005,0.41379,0.21690523000000003
Best Pareto front
Generation,Hypervolume,error,gate fit
16,0.94722576,0.75,0.005
16,0.94722576,0.75,0.005
16,0.94722576,0.75,0.005
16,0.94722576,0.75,0.005
16,0.94722576,0.75,0.005
16,0.94722576,0.75,0.005
16,0.94722576,0.75,0.005
16,0.94722576,0.75,0.005
16,0.94722576,0.75,0.005
16,0.94722576,0.25,0.03448
16,0.94722576,0.25,0.03448
16,0.94722576,0.25,0.03448
16,0.94722576,0.25,0.03448
16,0.94722576,0.25,0.03448
16,0.94722576,0.25,0.03448
16,0.94722576,0.25,0.03448
16,0.94722576,0.125,0.06897
16,0.94722576,0.125,0.06897
16,0.94722576,0.125,0.06897
16,0.94722576,0.125,0.06897
16,0.94722576,0.0,0.2069
Best fitness
Objective,Generation,Error
0,16,0.0
1,2,0.005
Avg simulation runtime,Avg generation runtime
27.498260869565218,37.92217391304348
