Generation,Hypervolume,Min error,Max error,Avg error,Min gate fit,Max gate fit,Avg gate fit
0,0.9200748645000001,-0.0,0.875,0.49496247600000004,0.005,0.93103,0.147163422
1,0.9213286482,-0.0,0.875,0.453287816,0.005,0.93103,0.19872360600000002
2,0.9290746663000001,-0.0,0.75,0.15063948,0.005,0.96552,0.44921834800000016
3,0.9333970809,-0.0,0.875,0.219998522,0.005,0.89655,0.39480832800000004
4,0.9333970809,-0.0,0.875,0.304033056,0.005,0.93103,0.328006388
5,0.9338463552999999,-0.0,0.875,0.265631102,0.005,0.93103,0.33435445199999997
6,0.93860576,-0.0,0.875,0.296167762,0.005,0.89655,0.285458172
7,0.93860576,-0.0,0.875,0.3232476860000001,0.005,0.93103,0.253267942
8,0.94291576,-0.0,0.875,0.330260518,0.005,0.96552,0.251683684
9,0.94291576,-0.0,0.875,0.447589112,0.005,0.93103,0.18245893200000002
10,0.94291576,-0.0,0.875,0.358930006,0.005,0.96552,0.21120980799999997
11,0.94291576,-0.0,0.875,0.22673181800000003,0.005,0.96552,0.2490261
12,0.94291576,-0.0,0.875,0.246133854,0.005,0.93103,0.24338291199999998
13,0.94291576,-0.0,0.875,0.25826333,0.005,0.93103,0.237527992
14,0.94291576,-0.0,0.875,0.267372458,0.005,0.93103,0.23372153200000004
15,0.94291576,-0.0,0.875,0.28375195200000003,0.005,0.96552,0.22898033399999998
16,0.94291576,-0.0,0.875,0.30901480200000003,0.005,1.03448,0.22122284599999997
17,0.94291576,-0.0,0.875,0.343074836,0.005,0.93103,0.209583986
18,0.94291576,-0.0,0.875,0.201884292,0.005,0.93103,0.25323092999999997
19,0.94291576,-0.0,0.875,0.21615109600000001,0.005,0.89655,0.24983394799999997
20,0.94291576,-0.0,0.875,0.23745137,0.005,0.93103,0.24271588199999997
21,0.94291576,-0.0,0.875,0.255755956,0.005,0.96552,0.23659557399999998
Best Pareto front
Generation,Hypervolume,error,gate fit
10,0.94291576,0.25,0.03448
10,0.94291576,0.25,0.03448
10,0.94291576,0.25,0.03448
10,0.94291576,0.25,0.03448
10,0.94291576,0.25,0.03448
10,0.94291576,0.25,0.03448
10,0.94291576,0.75,0.005
10,0.94291576,0.75,0.005
10,0.94291576,0.75,0.005
10,0.94291576,0.75,0.005
10,0.94291576,0.75,0.005
10,0.94291576,0.75,0.005
10,0.94291576,0.125,0.06897
10,0.94291576,-0.0,0.24138
Best fitness
Objective,Generation,Error
0,2,-0.0
1,2,0.005
Avg simulation runtime,Avg generation runtime
29.703636363636363,40.27681818181818
