Generation,Hypervolume,Min error,Max error,Avg error,Min gate fit,Max gate fit,Avg gate fit
0,0.4575273199999999,0.49059,1.0,0.8373208700000001,0.005,1.0,0.44716476600000005
1,0.5375284375,0.41681,1.0,0.8134264839999998,0.005,1.0,0.412985894
2,0.5375429233,0.41681,1.0,0.795998072,0.005,1.0,0.365478458
3,0.5384103026999999,0.41681,1.0,0.785479082,0.005,1.0,0.30994243
4,0.5399167542,0.41681,1.0,0.77278963,0.005,1.0,0.25733217199999997
5,0.5525053670000001,0.41576,1.0,0.76020907,0.005,1.0,0.21295314399999998
6,0.5530772112000001,0.41576,1.0,0.755484554,0.005,1.0,0.16254051
7,0.5613674162000001,0.40323,1.0,0.759479626,0.005,1.0,0.09487459599999999
8,0.5619995627000001,0.40323,0.84365,0.748266318,0.005,1.0,0.064291846
9,0.6321771151,0.32885,0.82322,0.7396070299999999,0.005,1.0,0.05902653400000001
10,0.6321771151,0.32885,0.77216,0.765013576,0.005,0.44828,0.008617834000000001
11,0.6321771151,0.32885,0.77152,0.7561935899999999,0.005,0.44828,0.013755172
12,0.6407247573999999,0.31894,0.77152,0.7411737339999999,0.005,0.44828,0.022693658
13,0.6407247573999999,0.31894,0.77152,0.7142253479999999,0.005,0.44828,0.038792022
14,0.6407471712999999,0.31894,0.77152,0.668789006,0.005,0.55172,0.06721990600000001
15,0.6408127023,0.31894,0.77049,0.6069082979999999,0.005,0.55172,0.10490236399999998
16,0.6720831754,0.28116,0.7694,0.584288462,0.005,0.51724,0.10730556999999999
17,0.6720831754,0.28116,0.76928,0.589679886,0.005,0.55172,0.09666014399999999
18,0.6720831754,0.28116,0.76921,0.6472372739999999,0.005,0.55172,0.06251807000000001
19,0.6722872985999999,0.28116,0.76915,0.65293854,0.005,0.55172,0.047067226000000004
20,0.6890322489999999,0.25909,0.76909,0.681909332,0.005,0.55172,0.033714534000000004
Best Pareto front
Generation,Hypervolume,error,gate fit
22,0.6890322489999999,0.46715,0.10345
22,0.6890322489999999,0.76903,0.005
22,0.6890322489999999,0.57322,0.06897
22,0.6890322489999999,0.28116,0.17241
22,0.6890322489999999,0.60474,0.03448
22,0.6890322489999999,0.31318,0.13793
22,0.6890322489999999,0.25909,0.24138
Best fitness
Objective,Generation,Error
0,22,0.25909
1,2,0.005
Avg simulation runtime,Avg generation runtime
37.14380952380953,72.27857142857142
