Generation,Hypervolume,Min error,Max error,Avg error,Min gate fit,Max gate fit,Avg gate fit
0,0.9417984303999999,0.00092,0.875,0.492027204,0.005,1.0,0.149921006
1,0.94291576,-0.0,0.875,0.334115536,0.005,1.03448,0.24368430000000002
2,0.94291576,-0.0,0.875,0.32164117,0.005,1.03448,0.223734296
3,0.94291576,-0.0,0.875,0.183113072,0.005,1.03448,0.254887166
4,0.94291576,-0.0,0.875,0.10198876800000001,0.005,1.0,0.250976614
5,0.94291576,-0.0,0.875,0.08385515399999999,0.005,0.58621,0.2539040859999999
6,0.94291576,-0.0,0.875,0.082595416,0.005,0.62069,0.2560054259999999
7,0.94291576,-0.0,0.875,0.08295055999999999,0.005,0.55172,0.255428222
8,0.94291576,-0.0,0.875,0.080444298,0.005,0.55172,0.25484391399999995
9,0.94291576,-0.0,0.875,0.08488744399999999,0.005,0.55172,0.25568625799999994
10,0.94291576,-0.0,0.75,0.086799608,0.005,0.55172,0.25510506399999994
11,0.94291576,-0.0,0.75,0.08297844,0.005,0.58621,0.25298313199999994
12,0.94291576,-0.0,0.84855,0.08708356799999999,0.005,0.58621,0.25364930999999996
13,0.94291576,-0.0,0.75,0.09162992399999999,0.005,0.55172,0.2536100659999999
14,0.94291576,-0.0,0.875,0.09194375,0.005,0.55172,0.25082108
15,0.94291576,-0.0,0.875,0.09710276799999999,0.005,0.55172,0.25022407399999996
16,0.94291576,-0.0,0.875,0.090502106,0.005,0.55172,0.24865766599999997
17,0.94291576,-0.0,0.875,0.09608105799999998,0.005,0.62069,0.24841388599999992
18,0.94291576,-0.0,0.875,0.109561292,0.005,0.58621,0.24437208599999993
19,0.94291576,-0.0,0.875,0.09892887199999997,0.005,0.55172,0.24847469399999994
20,0.94291576,-0.0,0.875,0.093677964,0.005,0.55172,0.249440122
21,0.94291576,-0.0,0.875,0.09524508799999999,0.005,0.55172,0.250016342
Best Pareto front
Generation,Hypervolume,error,gate fit
3,0.94291576,0.25,0.03448
3,0.94291576,0.25,0.03448
3,0.94291576,0.25,0.03448
3,0.94291576,0.25,0.03448
3,0.94291576,0.25,0.03448
3,0.94291576,0.25,0.03448
3,0.94291576,0.25,0.03448
3,0.94291576,0.75,0.005
3,0.94291576,0.75,0.005
3,0.94291576,0.75,0.005
3,0.94291576,0.75,0.005
3,0.94291576,0.75,0.005
3,0.94291576,0.75,0.005
3,0.94291576,0.75,0.005
3,0.94291576,0.125,0.06897
3,0.94291576,0.125,0.06897
3,0.94291576,-0.0,0.24138
Best fitness
Objective,Generation,Error
0,3,-0.0
1,2,0.005
Avg simulation runtime,Avg generation runtime
27.981818181818184,40.13863636363636
