Generation,Hypervolume,Min error,Max error,Avg error,Min gate fit,Max gate fit,Avg gate fit
0,0.9187224318,-0.0,0.875,0.48810788200000005,0.005,1.0,0.15257570799999998
1,0.9213645100000001,0.0,0.875,0.568145968,0.005,0.96552,0.12435743199999999
2,0.9213645100000001,0.0,0.875,0.5395158800000001,0.005,0.89655,0.19422035599999998
3,0.9256745099999999,0.0,0.875,0.34486411599999994,0.005,0.89655,0.355355506
4,0.9256745099999999,0.0,0.875,0.38201773,0.005,0.82759,0.284696366
5,0.9256745099999999,0.0,0.875,0.273812364,0.005,0.82759,0.362092464
6,0.9256745099999999,0.0,0.875,0.274054226,0.005,0.82759,0.34750739199999997
7,0.9256745099999999,0.0,0.875,0.260319438,0.005,0.82759,0.35117781
8,0.9256745099999999,0.0,0.875,0.24883923000000005,0.005,0.82759,0.35069059399999997
9,0.9256745099999999,0.0,0.875,0.25423232599999995,0.005,0.82759,0.35195943799999996
10,0.9256745099999999,0.0,0.875,0.253133224,0.005,0.82759,0.350981912
11,0.9256745099999999,0.0,0.875,0.24596265399999998,0.005,0.82759,0.35178181
12,0.9256745099999999,0.0,0.875,0.25278922000000004,0.005,0.82759,0.3537037919999999
13,0.9256745099999999,0.0,0.875,0.253004176,0.005,0.82759,0.35214977399999997
14,0.9256745099999999,0.0,0.875,0.253590402,0.005,0.82759,0.35090949
15,0.9256745099999999,0.0,0.875,0.252309132,0.005,0.82759,0.34916454999999996
16,0.9256745099999999,0.0,0.875,0.247598508,0.005,0.82759,0.35908515999999996
17,0.9256745099999999,0.0,0.875,0.254705472,0.005,0.82759,0.35228646999999996
18,0.9256745099999999,0.0,0.875,0.25403076799999996,0.005,0.82759,0.35242594
Best Pareto front
Generation,Hypervolume,error,gate fit
5,0.9256745099999999,0.75,0.005
5,0.9256745099999999,0.75,0.005
5,0.9256745099999999,0.75,0.005
5,0.9256745099999999,0.75,0.005
5,0.9256745099999999,0.75,0.005
5,0.9256745099999999,0.75,0.005
5,0.9256745099999999,0.75,0.005
5,0.9256745099999999,0.75,0.005
5,0.9256745099999999,0.25,0.03448
5,0.9256745099999999,0.25,0.03448
5,0.9256745099999999,0.25,0.03448
5,0.9256745099999999,0.25,0.03448
5,0.9256745099999999,0.25,0.03448
5,0.9256745099999999,0.125,0.06897
5,0.9256745099999999,0.125,0.06897
5,0.9256745099999999,0.125,0.06897
5,0.9256745099999999,0.0,0.37931
Best fitness
Objective,Generation,Error
0,2,-0.0
1,2,0.005
Avg simulation runtime,Avg generation runtime
33.07526315789474,45.61578947368421
