Generation,Hypervolume,Min error,Max error,Avg error,Min gate fit,Max gate fit,Avg gate fit
0,0.4465837769,0.50491,1.0,0.838783144,0.05,1.0,0.440215366
1,0.4512290436,0.50491,1.0,0.812765212,0.05,1.0,0.408313362
2,0.47777031389999997,0.47991,1.0,0.796743338,0.05,1.0,0.370338268
3,0.5772885648999999,0.3449,1.0,0.785293276,0.05,1.0,0.331336216
4,0.5866773797,0.3449,0.89674,0.770588768,0.05,1.0,0.28356011200000003
5,0.5882593221,0.3449,0.84751,0.7559885120000001,0.05,1.0,0.25729399000000003
6,0.5955194293,0.33477,0.83185,0.743057584,0.05,1.0,0.23102677800000002
Best Pareto front
Generation,Hypervolume,error,gate fit
8,0.5955194293,0.3449,0.27586
8,0.5955194293,0.46715,0.10345
8,0.5955194293,0.44138,0.24138
8,0.5955194293,0.44704,0.2069
8,0.5955194293,0.33477,0.31034
8,0.5955194293,0.61956,0.05
8,0.5955194293,0.61369,0.06897
Best fitness
Objective,Generation,Error
0,8,0.33477
1,2,0.05
Avg simulation runtime,Avg generation runtime
42.614285714285714,144.06999999999996
