Generation,Hypervolume,Min error,Max error,Avg error,Min gate fit,Max gate fit,Avg gate fit
0,0.5001532844,0.44294,0.96633,0.83830319,0.05,1.0,0.4565495
1,0.5044896805,0.44294,0.99479,0.813667954,0.05,1.0,0.42156377599999995
2,0.5047894065,0.44294,1.0,0.797750202,0.05,1.0,0.38549284
3,0.5048925017,0.44294,1.0,0.78647906,0.05,1.0,0.33913011400000004
4,0.5522443670999999,0.40243,0.90478,0.7730703760000001,0.05,1.0,0.29353771
5,0.5526160615,0.40243,0.85494,0.758117878,0.05,1.0,0.26041608
Best Pareto front
Generation,Hypervolume,error,gate fit
7,0.5526160615,0.62538,0.05
7,0.5526160615,0.46715,0.10345
7,0.5526160615,0.40243,0.17241
7,0.5526160615,0.60282,0.06897
7,0.5526160615,0.45637,0.13793
Best fitness
Objective,Generation,Error
0,6,0.40243
1,2,0.05
Avg simulation runtime,Avg generation runtime
42.60333333333333,152.68833333333333
