Generation,Hypervolume,Min error,Max error,Avg error,Min gate fit,Max gate fit,Avg gate fit
0,0.452728113,0.5,1.0,0.839336276,0.06897,1.2069,0.286096718
1,0.452728113,0.5,1.0,0.8032284300000001,0.06897,1.2069,0.235780322
2,0.452728113,0.5,1.0,0.793253154,0.06897,1.24138,0.20273273
3,0.452728113,0.5,1.0,0.78893697,0.06897,1.2069,0.1831125
4,0.452728113,0.5,1.0,0.7902882019999999,0.06897,1.2069,0.17762293599999998
5,0.452728113,0.5,1.0,0.787942168,0.06897,1.2069,0.178588416
6,0.452728113,0.5,1.0,0.7886734619999999,0.06897,1.2069,0.179719446
7,0.452728113,0.5,1.0,0.7887737020000001,0.06897,1.2069,0.17871257
8,0.452728113,0.5,1.0,0.7875363579999999,0.06897,1.2069,0.17995393199999998
9,0.452728113,0.5,1.0,0.788112964,0.06897,1.2069,0.179953914
10,0.452728113,0.5,1.0,0.79012818,0.06897,1.2069,0.179450442
11,0.452728113,0.5,1.0,0.789123812,0.06897,1.2069,0.17960220799999999
12,0.452728113,0.5,1.0,0.78795659,0.06897,1.2069,0.17947118599999998
13,0.452728113,0.5,1.0,0.788406968,0.06897,1.2069,0.180381484
14,0.452728113,0.5,1.0,0.78931316,0.06897,1.2069,0.180009064
15,0.452728113,0.5,1.0,0.78947085,0.06897,1.2069,0.181443498
16,0.452728113,0.5,1.0,0.789331208,0.06897,1.2069,0.180657344
17,0.452728113,0.5,1.0,0.789332696,0.06897,1.2069,0.18107114
18,0.452728113,0.5,1.0,0.791943388,0.06897,1.2069,0.181471106
19,0.452728113,0.5,1.0,0.789448698,0.06897,1.2069,0.181484918
20,0.452728113,0.5,1.0,0.791329808,0.06897,1.2069,0.183553842
21,0.452728113,0.5,1.0,0.789378674,0.06897,1.2069,0.179926342
22,0.452728113,0.5,1.0,0.78949991,0.06897,1.2069,0.181243546
23,0.452728113,0.5,1.0,0.789235578,0.06897,1.2069,0.182278026
Best Pareto front
Generation,Hypervolume,error,gate fit
2,0.452728113,0.75,0.06897
2,0.452728113,0.75,0.06897
2,0.452728113,0.75,0.06897
2,0.452728113,0.75,0.06897
2,0.452728113,0.75,0.06897
2,0.452728113,0.75,0.06897
2,0.452728113,0.75,0.06897
2,0.452728113,0.75,0.06897
2,0.452728113,0.75,0.06897
2,0.452728113,0.75,0.06897
2,0.452728113,0.75,0.06897
2,0.452728113,0.75,0.06897
2,0.452728113,0.75,0.06897
2,0.452728113,0.75,0.06897
2,0.452728113,0.625,0.10345
2,0.452728113,0.625,0.10345
2,0.452728113,0.625,0.10345
2,0.452728113,0.625,0.10345
2,0.452728113,0.625,0.10345
2,0.452728113,0.625,0.10345
2,0.452728113,0.625,0.10345
2,0.452728113,0.5,0.13793
Best fitness
Objective,Generation,Error
0,2,0.5
1,2,0.06897
Avg simulation runtime,Avg generation runtime
21.430000000000003,36.25666666666667
